,src_username,weight,trg_username,date
0,Cexio8,1,CoinMarketCap,2021-05-31T20:27:28.000Z
1,elessarsmoth,1,CoinMarketCap,2021-05-31T20:25:56.000Z
2,MSam795,1,CoinMarketCap,2021-05-31T19:49:55.000Z
3,sumit94sinha,1,CoinMarketCap,2021-05-31T18:24:06.000Z
4,JustinC61158517,1,CoinMarketCap,2021-05-31T18:20:08.000Z
5,TopDevPro,1,CoinMarketCap,2021-05-31T18:19:48.000Z
6,ali59064587,1,CoinMarketCap,2021-05-31T18:15:25.000Z
7,Husain251202,1,CoinMarketCap,2021-05-31T18:15:16.000Z
8,DirtyGold_,1,CoinMarketCap,2021-05-31T16:35:22.000Z
9,Cristian_MR89,1,CoinMarketCap,2021-05-31T16:25:06.000Z
10,Kinnera15148170,1,CoinMarketCap,2021-05-31T16:19:32.000Z
11,ERC2OShitEater,1,CoinMarketCap,2021-05-31T15:15:53.000Z
12,FullXpToken,1,CoinMarketCap,2021-05-31T14:53:31.000Z
13,SalisKh08662513,1,CoinMarketCap,2021-05-31T14:46:16.000Z
14,Crypto_bubb,1,CoinMarketCap,2021-05-31T13:39:24.000Z
15,MehmetA92280577,1,CoinMarketCap,2021-05-31T12:57:05.000Z
16,Dldsiris,1,CoinMarketCap,2021-05-31T12:27:34.000Z
17,Satoshi_Bitmoto,1,CoinMarketCap,2021-05-31T11:48:40.000Z
18,gotham994,1,CoinMarketCap,2021-05-31T11:43:48.000Z
19,ADogan61249416,1,CoinMarketCap,2021-05-31T11:42:00.000Z
20,Lili58315377,1,CoinMarketCap,2021-05-31T11:25:36.000Z
21,JnHossein,1,CoinMarketCap,2021-05-31T10:41:40.000Z
22,AlexJeson2,1,CoinMarketCap,2021-05-31T10:36:12.000Z
23,ekon_kd,1,CoinMarketCap,2021-05-31T10:02:52.000Z
24,XSpaceX21006507,1,CoinMarketCap,2021-05-31T09:58:01.000Z
25,Sully_lone,1,CoinMarketCap,2021-05-31T09:43:59.000Z
26,Swissy51310311,1,CoinMarketCap,2021-05-31T09:26:05.000Z
27,TonyLongNB,1,CoinMarketCap,2021-05-31T09:23:43.000Z
28,Earthshaking992,1,CoinMarketCap,2021-05-31T09:21:41.000Z
29,Zohan67404188,1,CoinMarketCap,2021-05-31T08:55:24.000Z
30,blankley_callan,1,CoinMarketCap,2021-05-31T08:52:16.000Z
31,Uchenna92556184,1,CoinMarketCap,2021-05-31T08:36:34.000Z
32,Khalidmomo10,1,CoinMarketCap,2021-05-31T08:33:38.000Z
33,Perfect43784126,1,CoinMarketCap,2021-05-31T08:29:45.000Z
34,Reddy98510272,1,CoinMarketCap,2021-05-31T08:23:06.000Z
35,europe_safe,1,CoinMarketCap,2021-05-31T08:17:43.000Z
36,MuhsinAhamed6,1,CoinMarketCap,2021-05-31T08:05:43.000Z
37,ahmatqomari97,1,CoinMarketCap,2021-05-31T08:03:23.000Z
38,MikeBamford9,1,CoinMarketCap,2021-05-31T07:50:14.000Z
39,KriptoMania4,1,CoinMarketCap,2021-05-31T07:44:04.000Z
40,ShinShinShi00,1,CoinMarketCap,2021-05-31T07:42:09.000Z
41,AdaJESU86921237,1,CoinMarketCap,2021-05-31T07:32:01.000Z
42,AkshatJ22360761,1,CoinMarketCap,2021-05-31T07:17:32.000Z
43,MDRIPON51059008,1,CoinMarketCap,2021-05-31T07:14:28.000Z
44,Venkate74830404,1,CoinMarketCap,2021-05-31T07:09:03.000Z
45,AppunPrashanth,1,CoinMarketCap,2021-05-31T07:08:01.000Z
46,AppunPrashanth,1,CoinMarketCap,2021-05-31T07:07:49.000Z
47,OTsankov,1,CoinMarketCap,2021-05-31T07:06:38.000Z
48,b_hadarah,1,CoinMarketCap,2021-05-31T07:01:45.000Z
49,b_hadarah,1,CoinMarketCap,2021-05-31T07:00:32.000Z
50,joespark17,1,CoinMarketCap,2021-05-31T06:33:08.000Z
51,Foeuno2,1,CoinMarketCap,2021-05-31T06:30:18.000Z
52,Danieldeangelo8,1,CoinMarketCap,2021-05-31T06:11:41.000Z
53,juare_antonio,1,CoinMarketCap,2021-05-31T06:09:54.000Z
54,michalbar86,1,CoinMarketCap,2021-05-31T06:07:42.000Z
55,TayyabRahman20,1,CoinMarketCap,2021-05-31T06:01:56.000Z
56,abdo85913437,1,CoinMarketCap,2021-05-31T05:56:14.000Z
57,kgbF5c0QUPO9rJu,1,CoinMarketCap,2021-05-31T05:45:50.000Z
58,AshiegbuPearl,1,CoinMarketCap,2021-05-31T05:41:27.000Z
59,NARENDERPANCHAL,1,CoinMarketCap,2021-05-31T05:33:38.000Z
60,techyrj,1,CoinMarketCap,2021-05-31T05:29:28.000Z
61,usmanghani56,1,CoinMarketCap,2021-05-31T05:23:22.000Z
62,Urskrishhsrk,1,CoinMarketCap,2021-05-31T05:04:03.000Z
63,GWarrinb,1,CoinMarketCap,2021-05-31T05:01:42.000Z
64,RSubramaniyen,1,CoinMarketCap,2021-05-31T04:58:52.000Z
65,Jaiprak44370073,1,CoinMarketCap,2021-05-31T04:53:10.000Z
66,Wagiran29788081,1,CoinMarketCap,2021-05-31T04:43:07.000Z
67,Denis49035859,1,CoinMarketCap,2021-05-31T04:36:46.000Z
68,oxe132,1,CoinMarketCap,2021-05-31T04:23:30.000Z
69,ABCD_Token,1,CoinMarketCap,2021-05-31T04:09:45.000Z
70,krishnan256199,1,CoinMarketCap,2021-05-31T03:59:46.000Z
71,SharmaSadhin,1,CoinMarketCap,2021-05-31T03:55:58.000Z
72,YudhiSiswanto5,1,CoinMarketCap,2021-05-31T03:31:13.000Z
73,KikatoIsMe,1,CoinMarketCap,2021-05-31T03:27:54.000Z
74,DripLikeDrippie,1,CoinMarketCap,2021-05-31T03:19:12.000Z
75,surojitmidda0,1,CoinMarketCap,2021-05-31T03:07:44.000Z
76,fahim44193053,1,CoinMarketCap,2021-05-31T02:51:37.000Z
77,IiObinna,1,CoinMarketCap,2021-05-31T02:46:43.000Z
78,Novica23418482,1,CoinMarketCap,2021-05-31T02:39:32.000Z
79,Novica23418482,1,CoinMarketCap,2021-05-31T01:34:00.000Z
80,GigabyteCoin,1,CoinMarketCap,2021-05-31T02:28:49.000Z
81,JhigWjZam48s0ft,1,CoinMarketCap,2021-05-31T02:10:30.000Z
82,DanielR99820983,1,CoinMarketCap,2021-05-31T02:02:31.000Z
83,KeykeyJhon,1,CoinMarketCap,2021-05-31T01:29:47.000Z
84,DangScaper,1,eives12,2021-05-31T19:47:22.000Z
85,CherylJoblin,1,eives12,2021-05-31T04:58:50.000Z
86,AbkChio,1,eives12,2021-05-31T04:36:27.000Z
87,JosiahJansen2,1,eives12,2021-05-31T02:45:26.000Z
88,Muhamme64681142,1,eives12,2021-05-31T01:27:57.000Z
89,AbbassiArsalan,1,TheImtiazX,2021-05-31T18:03:43.000Z
90,TheWisdomGuy2,1,TheImtiazX,2021-05-31T10:38:12.000Z
91,Mehwish20801057,1,TheImtiazX,2021-05-31T08:58:12.000Z
92,CGksoy,1,TheImtiazX,2021-05-31T08:53:49.000Z
93,Adi94617474,1,Adi94617474,2021-05-31T15:19:18.000Z
94,TonyLongNB,1,TonyLongNB,2021-05-31T09:24:14.000Z
95,CGksoy,1,Adiwija91812422,2021-05-31T08:54:03.000Z
96,CGksoy,1,sukurmemuji,2021-05-31T08:53:44.000Z
97,CGksoy,1,amazonasairdrop,2021-05-31T08:53:39.000Z
98,eives12,1,emmakaka79,2021-05-31T02:48:55.000Z
99,eives12,1,JosiahJansen2,2021-05-31T02:48:06.000Z
0,wiredutch,1,CoinMarketCap,2021-05-31T21:08:53.000Z
1,avsar38ft,1,CoinMarketCap,2021-05-31T21:00:27.000Z
2,AlexanderTheus,1,CoinMarketCap,2021-05-31T20:49:06.000Z
3,katerkarlo1ch,1,CoinMarketCap,2021-05-31T20:46:22.000Z
4,MoosmannPatrick,1,CoinMarketCap,2021-05-31T20:38:39.000Z
5,UnSafeMoon,1,CoinMarketCap,2021-05-31T20:37:15.000Z
6,slavinho247,1,CoinMarketCap,2021-05-31T20:35:01.000Z
7,Caped_Duo,1,CoinMarketCap,2021-05-31T20:32:56.000Z
8,JDSFBlockchain,1,CoinMarketCap,2021-05-31T20:27:34.000Z
9,skonly0,1,CoinMarketCap,2021-05-31T20:21:21.000Z
10,negocioderede,1,CoinMarketCap,2021-05-31T20:21:12.000Z
11,Pramods18719691,1,CoinMarketCap,2021-05-31T19:40:54.000Z
12,Bhagawati,1,CoinMarketCap,2021-05-31T19:39:08.000Z
13,LukeWal55509271,1,CoinMarketCap,2021-05-31T19:30:31.000Z
14,levskivechen99,1,CoinMarketCap,2021-05-31T19:26:38.000Z
15,ehsanaslani15,1,CoinMarketCap,2021-05-31T18:56:16.000Z
16,MSGillani34,1,CoinMarketCap,2021-05-31T18:46:09.000Z
17,JustinC61158517,1,CoinMarketCap,2021-05-31T18:19:25.000Z
18,Brisk38450202,1,CoinMarketCap,2021-05-31T17:39:07.000Z
19,Steve15115301,1,CoinMarketCap,2021-05-31T16:49:27.000Z
20,muhamma25304420,1,CoinMarketCap,2021-05-31T16:45:31.000Z
21,SURAJMONI5,1,CoinMarketCap,2021-05-31T16:20:13.000Z
22,blackdaocrypto,1,CoinMarketCap,2021-05-31T16:02:05.000Z
23,LuisMariaLope15,1,CoinMarketCap,2021-05-31T15:51:40.000Z
24,TheSinsCountry,1,CoinMarketCap,2021-05-31T15:25:03.000Z
25,FullXpToken,1,CoinMarketCap,2021-05-31T14:53:25.000Z
26,Hawkturbo,1,CoinMarketCap,2021-05-31T14:48:24.000Z
27,SalisKh08662513,1,CoinMarketCap,2021-05-31T14:45:48.000Z
28,ELel98684572,1,CoinMarketCap,2021-05-31T13:51:31.000Z
29,jewcoinbsc,1,CoinMarketCap,2021-05-31T13:22:33.000Z
30,TyrnisM,1,CoinMarketCap,2021-05-31T13:20:57.000Z
31,PumpsLegit,1,CoinMarketCap,2021-05-31T13:19:30.000Z
32,flokijo,1,CoinMarketCap,2021-05-31T13:14:58.000Z
33,PaulColling4,1,CoinMarketCap,2021-05-31T12:43:31.000Z
34,Wilson11717,1,CoinMarketCap,2021-05-31T12:34:39.000Z
35,APP__Token,1,CoinMarketCap,2021-05-31T12:04:45.000Z
36,feliciahudsonfx,1,CoinMarketCap,2021-05-31T12:02:28.000Z
37,gotham994,1,CoinMarketCap,2021-05-31T11:53:13.000Z
38,MarcosRogrioMa5,1,CoinMarketCap,2021-05-31T11:43:35.000Z
39,ADogan61249416,1,CoinMarketCap,2021-05-31T11:41:21.000Z
40,babet42,1,CoinMarketCap,2021-05-31T11:40:34.000Z
41,dani62071305,1,CoinMarketCap,2021-05-31T11:28:58.000Z
42,miraf123,1,CoinMarketCap,2021-05-31T11:20:40.000Z
43,mik_bio,1,CoinMarketCap,2021-05-31T11:14:17.000Z
44,freddycrt,1,CoinMarketCap,2021-05-31T10:59:30.000Z
45,JnHossein,1,CoinMarketCap,2021-05-31T10:41:35.000Z
46,NSotej,1,CoinMarketCap,2021-05-31T10:24:40.000Z
47,DeenaSaenko,1,CoinMarketCap,2021-05-31T10:23:43.000Z
48,Chris23297609,1,CoinMarketCap,2021-05-31T10:19:53.000Z
49,ShahidBasheer66,1,CoinMarketCap,2021-05-31T10:11:47.000Z
50,mdrafiq085222,1,CoinMarketCap,2021-05-31T10:09:06.000Z
51,PradipR26205914,1,CoinMarketCap,2021-05-31T10:07:05.000Z
52,SadrulAnam2,1,CoinMarketCap,2021-05-31T10:07:02.000Z
53,Assop77,1,CoinMarketCap,2021-05-31T10:05:45.000Z
54,Balaji64598972,1,CoinMarketCap,2021-05-31T10:02:52.000Z
55,Soorynash2,1,CoinMarketCap,2021-05-31T09:59:43.000Z
56,ekon_kd,1,CoinMarketCap,2021-05-31T09:59:04.000Z
57,MoktaAkter15,1,CoinMarketCap,2021-05-31T09:57:20.000Z
58,ling_wizlyy,1,CoinMarketCap,2021-05-31T09:56:16.000Z
59,ripon_nabi,1,CoinMarketCap,2021-05-31T09:54:05.000Z
60,sureshraina225,1,CoinMarketCap,2021-05-31T09:53:01.000Z
61,AhanaDy0,1,CoinMarketCap,2021-05-31T09:52:01.000Z
62,joanne_backer,1,CoinMarketCap,2021-05-31T09:50:09.000Z
63,paponah08396904,1,CoinMarketCap,2021-05-31T09:49:10.000Z
64,MdTowkirHasan2,1,CoinMarketCap,2021-05-31T09:47:01.000Z
65,standwithelon,1,CoinMarketCap,2021-05-31T09:39:39.000Z
66,standwithelon,1,CoinMarketCap,2021-05-31T09:39:18.000Z
67,73karta1903,1,CoinMarketCap,2021-05-31T09:37:26.000Z
68,thesmiling_Coin,1,CoinMarketCap,2021-05-31T09:37:05.000Z
69,Abdul900200,1,CoinMarketCap,2021-05-31T09:34:54.000Z
70,Victoria231984,1,CoinMarketCap,2021-05-31T09:33:48.000Z
71,DogeX73181631,1,CoinMarketCap,2021-05-31T09:33:24.000Z
72,15Icel,1,CoinMarketCap,2021-05-31T09:32:46.000Z
73,Leonard34000,1,CoinMarketCap,2021-05-31T09:29:49.000Z
74,Javeed79142718,1,CoinMarketCap,2021-05-31T09:29:32.000Z
75,FgAB8PZPrVeK9jo,1,CoinMarketCap,2021-05-31T09:27:29.000Z
76,Swissy51310311,1,CoinMarketCap,2021-05-31T09:26:00.000Z
77,Mdsarwa42441670,1,CoinMarketCap,2021-05-31T09:21:42.000Z
78,KhatunUmmi,1,CoinMarketCap,2021-05-31T09:21:34.000Z
79,ArafatAlbi3,1,CoinMarketCap,2021-05-31T09:19:48.000Z
80,Anik07855405,1,CoinMarketCap,2021-05-31T09:17:44.000Z
81,mdraju19769031,1,CoinMarketCap,2021-05-31T09:15:58.000Z
82,IslamRadoanul,1,CoinMarketCap,2021-05-31T09:06:57.000Z
83,fatualexander,1,CoinMarketCap,2021-05-31T09:05:29.000Z
84,Velsamy43191221,1,CoinMarketCap,2021-05-31T09:04:48.000Z
85,wint2750,1,CoinMarketCap,2021-05-31T08:58:46.000Z
86,Ahashik72,1,CoinMarketCap,2021-05-31T08:56:57.000Z
87,Amd31662165,1,CoinMarketCap,2021-05-31T08:55:40.000Z
88,Ale070191,1,CoinMarketCap,2021-05-31T08:54:20.000Z
89,911versity,1,CoinMarketCap,2021-05-31T08:53:43.000Z
90,CGksoy,1,CoinMarketCap,2021-05-31T08:53:06.000Z
91,Zohan67404188,1,CoinMarketCap,2021-05-31T08:53:16.000Z
92,sunny0084699097,1,CoinMarketCap,2021-05-31T08:50:47.000Z
93,SophiaSashy,1,LFNirvana,2021-05-31T13:40:32.000Z
94,ellieaudley1,1,DeenaSaenko,2021-05-31T10:24:10.000Z
95,FernandMatiz,1,ling_wizlyy,2021-05-31T09:57:28.000Z
96,dayle_sword,1,joanne_backer,2021-05-31T09:50:40.000Z
97,CGksoy,1,m_shams12345678,2021-05-31T08:53:17.000Z
98,CGksoy,1,aadbitcoin,2021-05-31T08:53:12.000Z
0,Andyumaaris,1,CoinMarketCap,2021-05-31T20:08:54.000Z
1,LukeWal55509271,1,CoinMarketCap,2021-05-31T19:34:40.000Z
2,sumit94sinha,1,CoinMarketCap,2021-05-31T18:23:41.000Z
3,nkeneabasi,1,CoinMarketCap,2021-05-31T17:16:56.000Z
4,FullXpToken,1,CoinMarketCap,2021-05-31T14:53:37.000Z
5,crypto_vila,1,CoinMarketCap,2021-05-31T14:23:08.000Z
6,ELel98684572,1,CoinMarketCap,2021-05-31T13:51:41.000Z
7,MehmetA92280577,1,CoinMarketCap,2021-05-31T13:02:47.000Z
8,Danielle20212,1,CoinMarketCap,2021-05-31T12:51:10.000Z
9,Kapasky1,1,CoinMarketCap,2021-05-31T11:48:02.000Z
10,JnHossein,1,CoinMarketCap,2021-05-31T10:41:47.000Z
11,catina_georgiy,1,CoinMarketCap,2021-05-31T10:28:22.000Z
12,ekon_kd,1,CoinMarketCap,2021-05-31T10:03:42.000Z
13,FullBTCCapacity,1,CoinMarketCap,2021-05-31T09:49:31.000Z
14,Swissy51310311,1,CoinMarketCap,2021-05-31T09:26:18.000Z
15,CRYPTOzzie,1,CoinMarketCap,2021-05-31T09:17:55.000Z
16,CRYPTOzzie,1,CoinMarketCap,2021-05-31T09:16:03.000Z
17,ThiagoFrance1,1,CoinMarketCap,2021-05-31T08:18:06.000Z
18,JBodios,1,CoinMarketCap,2021-05-31T07:07:24.000Z
19,juare_antonio,1,CoinMarketCap,2021-05-31T06:10:04.000Z
20,juare_antonio,1,CoinMarketCap,2021-05-30T22:14:01.000Z
21,Steve15115301,1,CoinMarketCap,2021-05-31T05:56:15.000Z
22,kgbF5c0QUPO9rJu,1,CoinMarketCap,2021-05-31T05:45:59.000Z
23,HustlerPrince,1,CoinMarketCap,2021-05-31T05:28:40.000Z
24,anandjo97,1,CoinMarketCap,2021-05-31T05:09:16.000Z
25,mdshariquehuss7,1,CoinMarketCap,2021-05-31T04:52:37.000Z
26,Rakibul45047789,1,CoinMarketCap,2021-05-31T03:30:10.000Z
27,JhigWjZam48s0ft,1,CoinMarketCap,2021-05-31T02:15:03.000Z
28,FrancisRandy0,1,CoinMarketCap,2021-05-31T01:39:21.000Z
29,ezesanchezcba,1,CoinMarketCap,2021-05-31T01:10:44.000Z
30,__idorenyin,1,CoinMarketCap,2021-05-31T01:04:43.000Z
31,mosestothemoon,1,CoinMarketCap,2021-05-31T01:04:10.000Z
32,CThai1711,1,CoinMarketCap,2021-05-31T00:10:58.000Z
33,RobinTayad,1,CoinMarketCap,2021-05-31T00:09:11.000Z
34,hadiyus29512140,1,CoinMarketCap,2021-05-30T23:55:21.000Z
35,KM_blinkY,1,CoinMarketCap,2021-05-30T23:33:02.000Z
36,Xombie_Queen,1,CoinMarketCap,2021-05-30T23:06:32.000Z
37,Trustmoon_,1,CoinMarketCap,2021-05-30T23:01:57.000Z
38,SmartInvestFX,1,CoinMarketCap,2021-05-30T22:33:12.000Z
39,CryptoTwitAcct,1,CoinMarketCap,2021-05-30T22:20:35.000Z
40,McgruffMr,1,CoinMarketCap,2021-05-30T22:06:48.000Z
41,Okay_fin,1,CoinMarketCap,2021-05-30T21:49:10.000Z
42,JakDawC,1,CoinMarketCap,2021-05-30T21:42:40.000Z
43,jojoshawa,1,CoinMarketCap,2021-05-30T21:36:24.000Z
44,TheRealApeLad,1,CoinMarketCap,2021-05-30T21:21:03.000Z
45,nickg1235,1,CoinMarketCap,2021-05-30T21:14:30.000Z
46,CRYPTOZER4,1,CoinMarketCap,2021-05-30T21:08:48.000Z
47,clownavirus,1,CoinMarketCap,2021-05-30T20:47:31.000Z
48,TheRealRedXIV,1,CoinMarketCap,2021-05-30T20:45:21.000Z
49,Moonhodler2,1,CoinMarketCap,2021-05-30T20:42:12.000Z
50,asumanemanetgm1,1,CoinMarketCap,2021-05-30T20:38:16.000Z
51,RixtonMahdi,1,CoinMarketCap,2021-05-30T20:27:30.000Z
52,MdCripto,1,CoinMarketCap,2021-05-30T20:27:04.000Z
53,Mucahitbalkir,1,CoinMarketCap,2021-05-30T20:22:07.000Z
54,Cashmon75661482,1,CoinMarketCap,2021-05-30T20:21:43.000Z
55,LewrisSpark,1,CoinMarketCap,2021-05-30T20:18:52.000Z
56,grmatt7792,1,CoinMarketCap,2021-05-30T20:15:04.000Z
57,elelqqq,1,CoinMarketCap,2021-05-30T20:12:18.000Z
58,OutofSightttt,1,CoinMarketCap,2021-05-30T20:12:02.000Z
59,foureleven4111,1,CoinMarketCap,2021-05-30T19:55:18.000Z
60,ZVashtii,1,CoinMarketCap,2021-05-30T19:16:12.000Z
61,LinkzOhio,1,CoinMarketCap,2021-05-30T18:48:01.000Z
62,Kwakuga1,1,CoinMarketCap,2021-05-30T18:26:29.000Z
63,Jake72891749,1,CoinMarketCap,2021-05-30T18:09:54.000Z
64,muhammadadil335,1,CoinMarketCap,2021-05-30T18:08:27.000Z
65,RFJA8,1,CoinMarketCap,2021-05-30T17:58:45.000Z
66,al_tharhaniy,1,CoinMarketCap,2021-05-30T17:52:39.000Z
67,HonarSaeid,1,CoinMarketCap,2021-05-30T17:35:51.000Z
68,oyvey_finance,1,CoinMarketCap,2021-05-30T17:32:01.000Z
69,onur1995_,1,CoinMarketCap,2021-05-30T17:28:36.000Z
70,Edikanefanga,1,CoinMarketCap,2021-05-30T17:26:44.000Z
71,feliciahudsonfx,1,CoinMarketCap,2021-05-30T17:18:36.000Z
72,wolfnight24,1,CoinMarketCap,2021-05-30T17:15:36.000Z
73,Cosima56082879,1,CoinMarketCap,2021-05-30T17:08:54.000Z
74,Velizka97950526,1,CoinMarketCap,2021-05-30T16:50:03.000Z
75,Gienna94,1,CoinMarketCap,2021-05-30T16:44:31.000Z
76,bluuumis,1,CoinMarketCap,2021-05-30T16:28:40.000Z
77,RciBai,1,CoinMarketCap,2021-05-30T16:26:44.000Z
78,Ohokchuu,1,CoinMarketCap,2021-05-30T16:18:43.000Z
79,crypto_vila,1,CryptoPriestNC,2021-05-31T14:23:20.000Z
80,Jayson27681072,1,CryptoPriestNC,2021-05-31T05:56:00.000Z
81,7wavesEvent,1,CryptoPriestNC,2021-05-31T04:01:05.000Z
82,DenisKarouwe,1,CryptoPriestNC,2021-05-31T00:51:04.000Z
83,elelqqq,1,CryptoPriestNC,2021-05-30T20:12:51.000Z
84,ZVashtii,1,CryptoPriestNC,2021-05-30T19:16:34.000Z
85,Blazty08,1,CryptoPriestNC,2021-05-30T18:45:17.000Z
86,DavisPratt9,1,CryptoPriestNC,2021-05-30T18:08:33.000Z
87,wolfnight24,1,CryptoPriestNC,2021-05-30T17:16:54.000Z
88,DoinbaEteyslim,1,Moonhodler2,2021-05-31T14:14:20.000Z
89,cay_ker,1,LewrisSpark,2021-05-31T13:58:16.000Z
90,EWQized,1,foureleven4111,2021-05-31T13:09:35.000Z
91,elz_avdeeva,1,catina_georgiy,2021-05-31T10:29:09.000Z
92,zorchalat,1,KM_blinkY,2021-05-31T03:53:50.000Z
93,TylerAs63145137,1,KM_blinkY,2021-05-31T03:40:10.000Z
94,ArnoldBenedick1,1,JakDawC,2021-05-30T22:33:44.000Z
95,Suave90794832,1,iwasmitqt,2021-05-30T20:31:14.000Z
96,Donjohn33528178,1,iwasmitqt,2021-05-30T20:29:37.000Z
97,RADCARL1,1,iwasmitqt,2021-05-30T20:27:22.000Z
98,achen46881262,1,iwasmitqt,2021-05-30T16:37:40.000Z
99,KILLLER_WHALE,1,Velizka97950526,2021-05-30T17:54:12.000Z
0,Cexio8,1,CoinMarketCap,2021-05-31T20:27:59.000Z
1,FullXpToken,1,CoinMarketCap,2021-05-31T14:53:43.000Z
2,Anndi07,1,CoinMarketCap,2021-05-31T09:37:29.000Z
3,Swissy51310311,1,CoinMarketCap,2021-05-31T09:26:23.000Z
4,Peshawa82m,1,CoinMarketCap,2021-05-31T09:08:05.000Z
5,Peshawa82m,1,CoinMarketCap,2021-05-31T09:07:46.000Z
6,abdo85913437,1,CoinMarketCap,2021-05-31T05:56:26.000Z
7,VivekKu46182751,1,CoinMarketCap,2021-05-31T01:56:21.000Z
8,mosestothemoon,1,CoinMarketCap,2021-05-31T01:06:44.000Z
9,mousavi_iran,1,CoinMarketCap,2021-05-31T00:45:36.000Z
10,Xombie_Queen,1,CoinMarketCap,2021-05-30T23:07:11.000Z
11,jojoshawa,1,CoinMarketCap,2021-05-30T21:36:33.000Z
12,MdCripto,1,CoinMarketCap,2021-05-30T20:27:29.000Z
13,LinkzOhio,1,CoinMarketCap,2021-05-30T18:48:08.000Z
14,Cryptoburger8,1,CoinMarketCap,2021-05-30T18:31:45.000Z
15,billrchd,1,CoinMarketCap,2021-05-30T17:42:47.000Z
16,Cosima56082879,1,CoinMarketCap,2021-05-30T17:09:11.000Z
17,bluuumis,1,CoinMarketCap,2021-05-30T16:28:52.000Z
18,KNyckees,1,CoinMarketCap,2021-05-30T16:11:49.000Z
19,NamYongKim6,1,CoinMarketCap,2021-05-30T16:03:55.000Z
20,MehmetA82685831,1,CoinMarketCap,2021-05-30T16:03:12.000Z
21,peacey3434,1,CoinMarketCap,2021-05-30T15:10:35.000Z
22,Alireza78881641,1,CoinMarketCap,2021-05-30T13:36:30.000Z
23,Yenikentli4,1,CoinMarketCap,2021-05-30T13:03:19.000Z
24,Tina36097177,1,CoinMarketCap,2021-05-30T12:54:26.000Z
25,mohsen_kaboy,1,CoinMarketCap,2021-05-30T12:41:39.000Z
26,tolgabozyiit,1,CoinMarketCap,2021-05-30T12:07:40.000Z
27,aburami06,1,CoinMarketCap,2021-05-30T11:34:27.000Z
28,Cherishbae4Bae,1,CoinMarketCap,2021-05-30T11:26:57.000Z
29,Mahnaz63330714,1,CoinMarketCap,2021-05-30T11:24:36.000Z
30,niladrim24,1,CoinMarketCap,2021-05-30T11:21:05.000Z
31,mbabatokenfan,1,CoinMarketCap,2021-05-30T11:16:57.000Z
32,SunilDuttVaish2,1,CoinMarketCap,2021-05-30T10:59:02.000Z
33,lilywil64912518,1,CoinMarketCap,2021-05-30T10:57:23.000Z
34,Bosscoin86,1,CoinMarketCap,2021-05-30T10:37:08.000Z
35,Crypto61711656,1,CoinMarketCap,2021-05-30T10:36:57.000Z
36,Dani46907445,1,CoinMarketCap,2021-05-30T10:36:26.000Z
37,shs6610,1,CoinMarketCap,2021-05-30T10:17:31.000Z
38,shs6610,1,CoinMarketCap,2021-05-30T09:52:47.000Z
39,banbalistic,1,CoinMarketCap,2021-05-30T10:08:39.000Z
40,SaflorAndre,1,CoinMarketCap,2021-05-30T09:42:13.000Z
41,Charles_Ford3,1,CoinMarketCap,2021-05-30T09:14:46.000Z
42,Kishu02675705,1,kishupersian,2021-05-31T18:33:59.000Z
43,mhkhkh1369,1,kishupersian,2021-05-30T14:43:50.000Z
44,mhkhkh1369,1,kishupersian,2021-05-30T14:43:38.000Z
45,mohammadnikna11,1,kishupersian,2021-05-30T11:50:47.000Z
46,Dani46907445,1,kishupersian,2021-05-30T10:36:32.000Z
47,Mohamma42205760,1,kishupersian,2021-05-30T10:20:03.000Z
48,Mohamma42205760,1,kishupersian,2021-05-30T10:19:38.000Z
49,brave1167,1,kishupersian,2021-05-30T10:12:38.000Z
50,TaghavianEhsan,1,kishupersian,2021-05-30T09:12:21.000Z
51,AminAghazadeh2,1,Pump33953139,2021-05-30T21:40:42.000Z
52,mehdi53273206,1,farshadadman,2021-05-30T18:12:07.000Z
53,mehdi53273206,1,farshadadman,2021-05-30T17:54:22.000Z
54,q_arasi,1,farshadadman,2021-05-30T14:38:00.000Z
55,Kanj42892614,1,farshadadman,2021-05-30T12:23:51.000Z
56,HadiAkbari_1,1,farshadadman,2021-05-30T10:50:10.000Z
57,HadiAkbari_1,1,farshadadman,2021-05-30T10:49:52.000Z
58,HadiAkbari_1,1,farshadadman,2021-05-30T10:49:39.000Z
59,HadiAkbari_1,1,farshadadman,2021-05-30T10:48:16.000Z
60,HadiAkbari_1,1,farshadadman,2021-05-30T10:47:54.000Z
61,HadiAkbari_1,1,farshadadman,2021-05-30T10:47:43.000Z
62,HadiAkbari_1,1,farshadadman,2021-05-30T10:12:08.000Z
63,hddlwbso,1,farshadadman,2021-05-30T10:46:14.000Z
64,Mahdi_kt,1,farshadadman,2021-05-30T10:45:58.000Z
65,hamedshiri2,1,farshadadman,2021-05-30T10:30:15.000Z
66,Vivekpa00918737,1,farshadadman,2021-05-30T10:22:30.000Z
67,Daniel07221299,1,farshadadman,2021-05-30T10:17:44.000Z
68,Daniel07221299,1,farshadadman,2021-05-30T10:11:47.000Z
69,siavash6238,1,farshadadman,2021-05-30T10:05:27.000Z
70,siavash6238,1,farshadadman,2021-05-30T09:45:27.000Z
71,MahdiFM6,1,farshadadman,2021-05-30T09:54:41.000Z
72,matinwsh,1,farshadadman,2021-05-30T09:50:03.000Z
73,matinwsh,1,farshadadman,2021-05-30T09:49:37.000Z
74,matinwsh,1,farshadadman,2021-05-30T09:49:17.000Z
75,matinwsh,1,farshadadman,2021-05-30T09:49:00.000Z
76,matinwsh,1,farshadadman,2021-05-30T09:48:49.000Z
77,matinwsh,1,farshadadman,2021-05-30T09:48:37.000Z
78,matinwsh,1,farshadadman,2021-05-30T09:47:50.000Z
79,matinwsh,1,farshadadman,2021-05-30T09:47:40.000Z
80,matinwsh,1,farshadadman,2021-05-30T09:47:14.000Z
81,matinwsh,1,farshadadman,2021-05-30T09:47:03.000Z
82,matinwsh,1,farshadadman,2021-05-30T09:46:50.000Z
83,matinwsh,1,farshadadman,2021-05-30T09:45:42.000Z
84,matinwsh,1,farshadadman,2021-05-30T09:45:33.000Z
85,matinwsh,1,farshadadman,2021-05-30T09:43:14.000Z
86,matinwsh,1,farshadadman,2021-05-30T09:43:03.000Z
87,matinwsh,1,farshadadman,2021-05-30T09:42:51.000Z
88,matinwsh,1,farshadadman,2021-05-30T09:42:43.000Z
89,matinwsh,1,farshadadman,2021-05-30T09:42:33.000Z
90,matinwsh,1,farshadadman,2021-05-30T09:42:21.000Z
91,matinwsh,1,farshadadman,2021-05-30T09:42:11.000Z
92,matinwsh,1,farshadadman,2021-05-30T09:42:02.000Z
93,NamYongKim6,1,mohsenjahantig2,2021-05-30T16:04:13.000Z
94,NamYongKim6,1,Amirkelishe2,2021-05-30T16:03:43.000Z
95,rezamirjavadi11,1,kishu_finance,2021-05-30T12:48:45.000Z
96,Mohamma42205760,1,Mehrdad67942099,2021-05-30T10:20:06.000Z
97,Gee_melody1,1,babet42,2021-05-30T09:23:43.000Z
98,Fred_Lewis12,1,Charles_Ford3,2021-05-30T09:15:40.000Z
0,MikeBamford9,1,GNT_token,2021-05-31T21:16:10.000Z
1,Nobleekanem,1,CoinMarketCap,2021-05-31T20:58:00.000Z
2,katerkarlo1ch,1,CoinMarketCap,2021-05-31T20:50:16.000Z
3,letsgo14792438,1,CoinMarketCap,2021-05-31T20:45:48.000Z
4,UnSafeMoon,1,CoinMarketCap,2021-05-31T20:41:02.000Z
5,MoosmannPatrick,1,CoinMarketCap,2021-05-31T20:39:11.000Z
6,slavinho247,1,CoinMarketCap,2021-05-31T20:37:24.000Z
7,Caped_Duo,1,CoinMarketCap,2021-05-31T20:34:48.000Z
8,JDSFBlockchain,1,CoinMarketCap,2021-05-31T20:31:53.000Z
9,Cexio8,1,CoinMarketCap,2021-05-31T20:26:39.000Z
10,skonly0,1,CoinMarketCap,2021-05-31T20:21:35.000Z
11,Howaythelads3,1,CoinMarketCap,2021-05-31T20:19:25.000Z
12,Okay_fin,1,CoinMarketCap,2021-05-31T19:52:18.000Z
13,Okay_fin,1,CoinMarketCap,2021-05-30T21:46:19.000Z
14,belgatto_m,1,CoinMarketCap,2021-05-31T19:05:01.000Z
15,ehsanaslani15,1,CoinMarketCap,2021-05-31T18:54:28.000Z
16,blacksoul15395,1,CoinMarketCap,2021-05-31T18:11:41.000Z
17,Antonio89532379,1,CoinMarketCap,2021-05-31T17:27:40.000Z
18,DavidKatona6,1,CoinMarketCap,2021-05-31T17:08:28.000Z
19,Dobrovski18,1,CoinMarketCap,2021-05-31T16:54:57.000Z
20,badoets97,1,CoinMarketCap,2021-05-31T16:49:34.000Z
21,GNT_token,1,CoinMarketCap,2021-05-31T16:45:19.000Z
22,MuhammedBenof,1,CoinMarketCap,2021-05-31T16:24:58.000Z
23,Minhaj82519967,1,CoinMarketCap,2021-05-31T15:45:41.000Z
24,Mohamma12672988,1,CoinMarketCap,2021-05-31T15:02:07.000Z
25,bezbebrije,1,CoinMarketCap,2021-05-31T14:59:31.000Z
26,FullXpToken,1,CoinMarketCap,2021-05-31T14:53:49.000Z
27,AdgregFpl,1,CoinMarketCap,2021-05-31T14:46:16.000Z
28,allash9191,1,CoinMarketCap,2021-05-31T14:34:41.000Z
29,john_palks_mart,1,CoinMarketCap,2021-05-31T14:07:48.000Z
30,SVTArda,1,CoinMarketCap,2021-05-31T13:44:27.000Z
31,HazratA74267984,1,CoinMarketCap,2021-05-31T13:42:55.000Z
32,SagorKu83894665,1,CoinMarketCap,2021-05-31T13:40:38.000Z
33,AchZ79580941,1,CoinMarketCap,2021-05-31T13:16:56.000Z
34,MehmetA92280577,1,CoinMarketCap,2021-05-31T12:51:24.000Z
35,SalSabila7733,1,CoinMarketCap,2021-05-31T12:30:41.000Z
36,SalSabila7733,1,CoinMarketCap,2021-05-31T09:15:21.000Z
37,Dldsiris,1,CoinMarketCap,2021-05-31T12:27:52.000Z
38,mosestothemoon,1,CoinMarketCap,2021-05-31T11:31:22.000Z
39,Camp12Nathan,1,CoinMarketCap,2021-05-31T10:58:31.000Z
40,MoniRoy76920368,1,CoinMarketCap,2021-05-31T10:25:23.000Z
41,KaiGener2,1,CoinMarketCap,2021-05-31T10:23:57.000Z
42,ekon_kd,1,CoinMarketCap,2021-05-31T10:04:21.000Z
43,MagiPiara,1,CoinMarketCap,2021-05-31T09:53:23.000Z
44,Swissy51310311,1,CoinMarketCap,2021-05-31T09:26:28.000Z
45,BoysKrypto,1,CoinMarketCap,2021-05-31T09:00:57.000Z
46,zkqcwhc809,1,CoinMarketCap,2021-05-31T08:30:52.000Z
47,ByronCoey,1,CoinMarketCap,2021-05-31T08:28:13.000Z
48,DavidD165492451,1,CoinMarketCap,2021-05-31T08:23:07.000Z
49,samiaakter2020,1,CoinMarketCap,2021-05-31T08:20:37.000Z
50,1010_selim,1,CoinMarketCap,2021-05-31T08:07:20.000Z
51,1010_selim,1,CoinMarketCap,2021-05-31T01:42:46.000Z
52,Swapon93305458,1,CoinMarketCap,2021-05-31T08:02:57.000Z
53,Ava70226307,1,CoinMarketCap,2021-05-31T07:46:04.000Z
54,tpbmcr7863,1,CoinMarketCap,2021-05-31T07:09:02.000Z
55,Salma66142061,1,CoinMarketCap,2021-05-31T07:02:35.000Z
56,shiba_and,1,CoinMarketCap,2021-05-31T06:51:50.000Z
57,Nafi89612809,1,CoinMarketCap,2021-05-31T06:30:51.000Z
58,Siam16954850,1,CoinMarketCap,2021-05-31T06:12:26.000Z
59,Siam16954850,1,CoinMarketCap,2021-05-31T06:00:07.000Z
60,abdo85913437,1,CoinMarketCap,2021-05-31T05:55:34.000Z
61,AlexJeson2,1,CoinMarketCap,2021-05-31T05:49:45.000Z
62,ultra_xtremesta,1,CoinMarketCap,2021-05-31T05:45:54.000Z
63,SA62026404,1,CoinMarketCap,2021-05-31T05:32:21.000Z
64,Farjana21675146,1,CoinMarketCap,2021-05-31T05:10:38.000Z
65,JijeeshGopakum1,1,CoinMarketCap,2021-05-31T04:31:21.000Z
66,LijaAkt05636878,1,CoinMarketCap,2021-05-31T04:19:08.000Z
67,exchange_clout,1,CoinMarketCap,2021-05-31T03:33:34.000Z
68,Rakibul45047789,1,CoinMarketCap,2021-05-31T03:32:03.000Z
69,AllardForster,1,CoinMarketCap,2021-05-31T03:09:43.000Z
70,SiamKha87553455,1,CoinMarketCap,2021-05-31T02:45:10.000Z
71,Novica23418482,1,CoinMarketCap,2021-05-31T02:39:53.000Z
72,Novica23418482,1,CoinMarketCap,2021-05-31T01:34:24.000Z
73,AidanKe37315481,1,CoinMarketCap,2021-05-31T02:34:35.000Z
74,JustinS74372870,1,CoinMarketCap,2021-05-31T02:32:36.000Z
75,MariyaKhanam2,1,CoinMarketCap,2021-05-31T02:30:13.000Z
76,AsadKha77074079,1,CoinMarketCap,2021-05-31T02:18:03.000Z
77,abhi010616,1,CoinMarketCap,2021-05-31T02:01:00.000Z
78,CryptoWillWin,1,CoinMarketCap,2021-05-31T00:53:26.000Z
79,abu_janis,1,CoinMarketCap,2021-05-31T00:52:41.000Z
80,MdAlMomen9,1,CoinMarketCap,2021-05-31T00:23:30.000Z
81,CapsuleClones,1,CoinMarketCap,2021-05-30T23:28:57.000Z
82,dartchain,1,CoinMarketCap,2021-05-30T22:52:24.000Z
83,Eva27390,1,CoinMarketCap,2021-05-30T22:40:04.000Z
84,todaaamoon,1,CoinMarketCap,2021-05-30T22:20:40.000Z
85,kmpkittypaws,1,CoinMarketCap,2021-05-30T22:16:37.000Z
86,Kriptonit12,1,CoinMarketCap,2021-05-30T22:11:18.000Z
87,stylishApe0ff,1,CoinMarketCap,2021-05-30T21:51:16.000Z
88,denes35877791,1,CoinMarketCap,2021-05-30T21:49:53.000Z
89,MyInsurancePros,1,CoinMarketCap,2021-05-30T21:47:15.000Z
90,Alphoso9909,1,CoinMarketCap,2021-05-30T21:15:17.000Z
91,alexa1205901,1,fixingtheblock,2021-05-31T18:36:19.000Z
92,Veeee4ever,1,fixingtheblock,2021-05-31T17:42:02.000Z
93,DavidKatona6,1,TFC811,2021-05-31T17:04:34.000Z
94,Alcatraz627,1,badoets97,2021-05-31T16:51:17.000Z
95,masroor747,1,kishupersian,2021-05-31T11:32:05.000Z
96,abdo85913437,1,UlfPetersen5,2021-05-31T05:55:54.000Z
97,WarlordHODL,1,LijaAkt05636878,2021-05-31T04:22:48.000Z
98,acesgrg,1,ShibaInuHolders,2021-05-31T00:30:14.000Z
0,Cexio8,1,CoinMarketCap,2021-05-31T20:26:55.000Z
1,Muhamma66494876,1,CoinMarketCap,2021-05-31T10:43:19.000Z
2,leozz90,1,CoinMarketCap,2021-05-31T09:50:41.000Z
3,SANJAYR36658793,1,CoinMarketCap,2021-05-31T09:28:56.000Z
4,bancorbito,1,CoinMarketCap,2021-05-31T08:01:06.000Z
5,abdo85913437,1,CoinMarketCap,2021-05-31T06:10:05.000Z
6,Project751,1,CoinMarketCap,2021-05-31T01:16:29.000Z
7,mosestothemoon,1,CoinMarketCap,2021-05-31T01:03:46.000Z
8,Sergio0de0morte,1,CoinMarketCap,2021-05-30T22:29:27.000Z
9,SBekula,1,CoinMarketCap,2021-05-30T20:49:21.000Z
10,PaliziPazand,1,CoinMarketCap,2021-05-30T20:12:57.000Z
11,Salmank07095352,1,CoinMarketCap,2021-05-30T18:55:39.000Z
12,MdAtiku02734571,1,CoinMarketCap,2021-05-30T15:38:31.000Z
13,NileshLale3,1,CoinMarketCap,2021-05-30T15:30:37.000Z
14,binoysarkar1705,1,CoinMarketCap,2021-05-30T14:38:54.000Z
15,Slymnn0442,1,CoinMarketCap,2021-05-30T12:41:55.000Z
16,R0BIN_Ho0D,1,CoinMarketCap,2021-05-30T11:03:27.000Z
17,Ericalo36882985,1,CoinMarketCap,2021-05-30T10:46:59.000Z
18,JamalKi3,1,CoinMarketCap,2021-05-30T10:42:07.000Z
19,thegoodtraderlt,1,CoinMarketCap,2021-05-30T10:17:58.000Z
20,talaiyas247,1,CoinMarketCap,2021-05-30T10:02:10.000Z
21,Maheshc38006458,1,CoinMarketCap,2021-05-30T09:45:25.000Z
22,vxDCbARkX6806Ob,1,CoinMarketCap,2021-05-30T06:07:09.000Z
23,Ivy16397754,1,CoinMarketCap,2021-05-30T09:33:13.000Z
24,GokulKuma_r,1,CoinMarketCap,2021-05-30T09:31:04.000Z
25,Hasibul86891876,1,CoinMarketCap,2021-05-30T07:36:53.000Z
26,Abedi23012580,1,CoinMarketCap,2021-05-30T06:00:23.000Z
27,Brajesh68227627,1,CoinMarketCap,2021-05-30T05:48:54.000Z
28,A61878134,1,CoinMarketCap,2021-05-30T05:05:40.000Z
29,youbushiyigeren,1,CoinMarketCap,2021-05-30T04:19:42.000Z
30,CRYPTOzzie,1,CoinMarketCap,2021-05-30T04:19:01.000Z
31,KerryTommy2,1,CoinMarketCap,2021-05-30T02:40:13.000Z
32,tinhson267,1,CoinMarketCap,2021-05-30T02:35:01.000Z
33,REKHADUBEY_25,1,CoinMarketCap,2021-05-30T01:43:54.000Z
34,sadnonem,1,CoinMarketCap,2021-05-30T01:25:03.000Z
35,ssjjin2,1,CoinMarketCap,2021-05-30T01:21:46.000Z
36,serkanakar1907,1,CoinMarketCap,2021-05-29T20:49:01.000Z
37,Mohamma98889427,1,CoinMarketCap,2021-05-29T19:50:30.000Z
38,HCryptohand,1,CoinMarketCap,2021-05-29T19:17:42.000Z
39,Mehmeth09522226,1,CoinMarketCap,2021-05-29T18:28:04.000Z
40,pantatkuda99,1,CoinMarketCap,2021-05-29T18:11:37.000Z
41,bajranghanumaan,1,CoinMarketCap,2021-05-29T17:49:46.000Z
42,ducnguyenlc86,1,CoinMarketCap,2021-05-29T17:01:14.000Z
43,PassiveIncDefi,1,CoinMarketCap,2021-05-29T17:00:06.000Z
44,TRON01378462,1,CoinMarketCap,2021-05-29T16:38:14.000Z
45,Muhammad59626,1,CoinMarketCap,2021-05-29T16:11:41.000Z
46,Prakash30335668,1,CoinMarketCap,2021-05-29T14:56:40.000Z
47,tomnationwide,1,CoinMarketCap,2021-05-29T14:56:32.000Z
48,yaroslav2508011,1,CoinMarketCap,2021-05-29T14:50:01.000Z
49,RkShukl51435533,1,CoinMarketCap,2021-05-29T14:43:52.000Z
50,highwin19517865,1,CoinMarketCap,2021-05-29T13:51:30.000Z
51,MoonWalkCrypto,1,CoinMarketCap,2021-05-29T13:39:42.000Z
52,MianFraz14,1,CoinMarketCap,2021-05-29T13:02:54.000Z
53,Trantru54380014,1,CoinMarketCap,2021-05-29T12:09:31.000Z
54,nandini909,1,CoinMarketCap,2021-05-29T12:03:00.000Z
55,SHASHIK42074389,1,CoinMarketCap,2021-05-29T11:55:02.000Z
56,thu55671499,1,CoinMarketCap,2021-05-29T11:48:30.000Z
57,thu55671499,1,CoinMarketCap,2021-05-29T09:07:39.000Z
58,Skylark02993794,1,CoinMarketCap,2021-05-29T11:00:53.000Z
59,EDagencysa,1,CoinMarketCap,2021-05-29T10:50:17.000Z
60,CryptoG05752421,1,CoinMarketCap,2021-05-29T10:49:37.000Z
61,DmytroHerych,1,CoinMarketCap,2021-05-29T10:36:45.000Z
62,wjdwksl,1,CoinMarketCap,2021-05-29T10:35:18.000Z
63,twix36466109,1,CoinMarketCap,2021-05-29T10:33:07.000Z
64,sk8220985,1,CoinMarketCap,2021-05-29T10:23:52.000Z
65,X8IfzoZRPAxveLC,1,CoinMarketCap,2021-05-29T09:50:54.000Z
66,SushidateApp,1,CoinMarketCap,2021-05-29T09:20:48.000Z
67,THRONE65050641,1,CoinMarketCap,2021-05-29T09:07:06.000Z
68,RobinUhl2,1,CoinMarketCap,2021-05-29T08:46:19.000Z
69,Khaled1OK,1,CoinMarketCap,2021-05-29T08:19:14.000Z
70,delbardanesh,1,CoinMarketCap,2021-05-29T08:02:30.000Z
71,AguMary7,1,CoinMarketCap,2021-05-29T07:58:29.000Z
72,AnilKum02025112,1,CoinMarketCap,2021-05-29T07:44:15.000Z
73,ali1757409,1,CoinMarketCap,2021-05-29T07:09:31.000Z
74,ali1757409,1,CoinMarketCap,2021-05-29T07:09:18.000Z
75,Bhupesh47387402,1,CoinMarketCap,2021-05-29T06:59:59.000Z
76,gupta5006,1,CoinMarketCap,2021-05-29T06:42:32.000Z
77,TraderLee_,1,CoinMarketCap,2021-05-29T06:37:38.000Z
78,PrinceK20968985,1,CoinMarketCap,2021-05-29T06:27:40.000Z
79,Fonzi_Scheme,1,CoinMarketCap,2021-05-29T06:20:41.000Z
80,Radio_BTC,1,CoinMarketCap,2021-05-29T05:39:38.000Z
81,TronMystery,1,CoinMarketCap,2021-05-29T05:32:37.000Z
82,TronMystery,1,CoinMarketCap,2021-05-29T05:20:47.000Z
83,ChyiAnChen,1,CoinMarketCap,2021-05-29T04:54:18.000Z
84,therealdhagen,1,CoinMarketCap,2021-05-29T04:13:21.000Z
85,therealdhagen,1,CoinMarketCap,2021-05-29T04:12:01.000Z
86,MarvinG26639214,1,CoinMarketCap,2021-05-29T04:12:32.000Z
87,amdadul_babu,1,CoinMarketCap,2021-05-29T04:07:41.000Z
88,gersonClassic,1,CoinMarketCap,2021-05-29T03:37:09.000Z
89,vxDCbARkX6806Ob,1,vxDCbARkX6806Ob,2021-05-30T09:40:09.000Z
90,vxDCbARkX6806Ob,1,vxDCbARkX6806Ob,2021-05-30T06:10:57.000Z
91,Safar19641,1,jamadi20169248,2021-05-30T03:02:59.000Z
92,Qunicy36,1,tiriya_vijay,2021-05-30T02:59:45.000Z
93,Qunicy36,1,PrinceK20968985,2021-05-30T02:59:38.000Z
94,Qunicy36,1,Qhieparcok,2021-05-30T02:59:28.000Z
95,Qunicy36,1,Muhammad59626,2021-05-30T02:59:16.000Z
96,Qunicy36,1,ysf_Binici,2021-05-30T02:59:05.000Z
97,Mohamma98889427,1,tomnationwide,2021-05-29T19:50:44.000Z
98,Daniel04710766,1,tomnationwide,2021-05-29T06:40:29.000Z
99,anujbaghel7,1,anujbaghel7,2021-05-29T18:08:53.000Z
0,cptomonk,1,CoinMarketCap,2021-05-30T19:53:19.000Z
1,Proversion2,1,CoinMarketCap,2021-05-28T06:07:25.000Z
2,Teslainu_TESINU,1,CoinMarketCap,2021-05-27T10:58:09.000Z
3,Tom_Trader21,1,CoinMarketCap,2021-05-27T09:50:43.000Z
4,Alessan57315695,1,CoinMarketCap,2021-05-27T02:53:10.000Z
5,mich_turnbull,1,CoinMarketCap,2021-05-26T22:31:25.000Z
6,n_Jamesmart,1,CoinMarketCap,2021-05-26T16:07:29.000Z
7,Sunny__3999,1,CoinMarketCap,2021-05-26T15:39:49.000Z
8,CryptoCaimlle,1,CoinMarketCap,2021-05-26T13:19:27.000Z
9,Emre11525363,1,CoinMarketCap,2021-05-26T09:42:16.000Z
10,incrediblemusa,1,CoinMarketCap,2021-05-26T08:43:53.000Z
11,zazbat1,1,CoinMarketCap,2021-05-26T06:50:08.000Z
12,joshua_barlas,1,CoinMarketCap,2021-05-26T06:04:39.000Z
13,harmonyislifer,1,CoinMarketCap,2021-05-26T05:11:39.000Z
14,Karthi84388491,1,CoinMarketCap,2021-05-26T05:04:05.000Z
15,EricBacChan,1,CoinMarketCap,2021-05-26T04:38:57.000Z
16,virtualcryptos,1,CoinMarketCap,2021-05-26T03:15:23.000Z
17,boomshanker5,1,CoinMarketCap,2021-05-26T02:19:33.000Z
18,eddySkho,1,CoinMarketCap,2021-05-26T01:45:05.000Z
19,Coinboi7,1,CoinMarketCap,2021-05-26T00:17:55.000Z
20,Okay_fin,1,CoinMarketCap,2021-05-26T00:00:16.000Z
21,TOMKING19419173,1,CoinMarketCap,2021-05-25T23:23:23.000Z
22,Hamed_bafe,1,CoinMarketCap,2021-05-25T23:16:31.000Z
23,SporeArmy,1,CoinMarketCap,2021-05-25T21:54:04.000Z
24,luckieverma,1,CoinMarketCap,2021-05-25T21:39:56.000Z
25,davidchevy_one,1,CoinMarketCap,2021-05-25T18:42:08.000Z
26,binksterr_,1,CoinMarketCap,2021-05-25T18:37:59.000Z
27,binksterr_,1,CoinMarketCap,2021-05-25T17:47:06.000Z
28,ozgurpehlivann,1,CoinMarketCap,2021-05-25T18:33:25.000Z
29,neilangelodd,1,CoinMarketCap,2021-05-25T17:03:06.000Z
30,ZHPK1,1,CoinMarketCap,2021-05-25T17:01:50.000Z
31,MintbuilderES,1,CoinMarketCap,2021-05-25T16:48:42.000Z
32,BanekJustin,1,CoinMarketCap,2021-05-25T16:47:17.000Z
33,Landon91265791,1,CoinMarketCap,2021-05-25T16:46:23.000Z
34,HarmonyoneEs,1,CoinMarketCap,2021-05-25T16:45:56.000Z
35,Smartpokemonvip,1,CoinMarketCap,2021-05-25T16:42:38.000Z
36,olaleke_sherif,1,CoinMarketCap,2021-05-25T16:11:43.000Z
37,MaffazO,1,CoinMarketCap,2021-05-25T14:44:08.000Z
38,miguel76337686,1,CoinMarketCap,2021-05-25T14:55:55.000Z
39,cryptic_rick,1,CoinMarketCap,2021-05-25T16:00:11.000Z
40,Harmonyeus,1,CoinMarketCap,2021-05-25T15:55:48.000Z
41,RamosAddison1,1,CoinMarketCap,2021-05-25T15:49:35.000Z
42,cryptonoobbabe,1,CoinMarketCap,2021-05-25T15:44:41.000Z
43,FamousDomonkos,1,CoinMarketCap,2021-05-25T15:38:56.000Z
44,cahilgopher,1,CoinMarketCap,2021-05-25T15:31:08.000Z
45,JesseSmoove,1,CoinMarketCap,2021-05-25T14:26:16.000Z
46,leaninlow,1,CoinMarketCap,2021-05-25T15:19:19.000Z
47,shu51750927,1,CoinMarketCap,2021-05-25T15:14:48.000Z
48,Anthony_pirreli,1,CoinMarketCap,2021-05-25T15:13:54.000Z
49,GKP80400223,1,CoinMarketCap,2021-05-25T14:47:57.000Z
50,binatoyin,1,CoinMarketCap,2021-05-25T14:44:13.000Z
51,cryptoglad,1,CoinMarketCap,2021-05-25T14:42:42.000Z
52,Crypto92672216,1,CoinMarketCap,2021-05-25T14:41:51.000Z
53,bernabedus,1,CoinMarketCap,2021-05-25T14:40:05.000Z
54,HarmonyOne_ESP,1,CoinMarketCap,2021-05-25T14:35:26.000Z
55,doranatherton,1,CoinMarketCap,2021-05-25T14:31:25.000Z
56,cryptoMFhorse,1,CoinMarketCap,2021-05-25T14:29:27.000Z
57,lacrossemsu17,1,CoinMarketCap,2021-05-25T14:28:02.000Z
58,L_carrera,1,CoinMarketCap,2021-05-25T14:26:36.000Z
59,kevinbaroro,1,CoinMarketCap,2021-05-25T14:25:34.000Z
60,TonyL61293,1,CoinMarketCap,2021-05-25T14:25:21.000Z
61,CookeMckenzie1,1,CoinMarketCap,2021-05-25T13:57:13.000Z
62,AdelaideEngland,1,CoinMarketCap,2021-05-25T13:54:01.000Z
63,MMemepump,1,CoinMarketCap,2021-05-25T13:29:12.000Z
64,mathewtimmy,1,CoinMarketCap,2021-05-25T13:23:18.000Z
65,Ravikan63158637,1,CoinMarketCap,2021-05-25T13:12:15.000Z
66,sceconomy,1,CoinMarketCap,2021-05-25T13:04:05.000Z
67,justicejaimal,1,CoinMarketCap,2021-05-25T13:02:34.000Z
68,ArmyStarwars,1,CoinMarketCap,2021-05-25T12:49:15.000Z
69,SekienToriyama,1,CoinMarketCap,2021-05-25T12:45:45.000Z
70,zl8989,1,CoinMarketCap,2021-05-25T12:34:42.000Z
71,h3NQG6avb6xfcZq,1,CoinMarketCap,2021-05-25T12:34:19.000Z
72,DemauxYT,1,CoinMarketCap,2021-05-25T12:19:56.000Z
73,MJDavisson,1,CoinMarketCap,2021-05-25T12:00:21.000Z
74,blogs_memes,1,CoinMarketCap,2021-05-25T11:52:24.000Z
75,MJ_Cule,1,CoinMarketCap,2021-05-25T11:50:17.000Z
76,sophia_james4,1,CoinMarketCap,2021-05-25T11:39:54.000Z
77,DyerCataleya,1,CoinMarketCap,2021-05-25T11:32:34.000Z
78,Charles_Ford3,1,CoinMarketCap,2021-05-25T11:32:15.000Z
79,Tabish9911,1,CoinMarketCap,2021-05-25T11:31:20.000Z
80,CoinWhisperer4,1,CoinMarketCap,2021-05-25T11:00:03.000Z
81,HaWhatWeb1,1,MaffazO,2021-05-25T23:30:06.000Z
82,MaffazO,1,MaffazO,2021-05-25T14:40:32.000Z
83,FamousDomonkos,1,MaffazO,2021-05-25T15:39:34.000Z
84,JesseSmoove,1,MaffazO,2021-05-25T15:19:56.000Z
85,SporeArmy,1,SporeArmy,2021-05-25T22:55:37.000Z
86,IsItInYet123,1,SporeArmy,2021-05-25T22:43:26.000Z
87,MaffazO,1,JesseSmoove,2021-05-25T16:05:43.000Z
88,MaffazO,1,JesseSmoove,2021-05-25T14:37:53.000Z
89,MaffazO,1,FamousDomonkos,2021-05-25T16:04:53.000Z
90,MaffazO,1,CedricRey6,2021-05-25T14:43:19.000Z
91,MaffazO,1,voriakhodaie,2021-05-25T14:41:36.000Z
92,MaffazO,1,AndrewRandston,2021-05-25T14:40:00.000Z
93,miguel76337686,1,cryptic_rick,2021-05-25T16:04:13.000Z
94,WhiteWh69072033,1,HectorVartz,2021-05-25T14:43:37.000Z
95,WhiteWh69072033,1,Faithdelivers1,2021-05-25T14:41:29.000Z
96,Danielp05690333,1,Faithdelivers1,2021-05-25T14:27:10.000Z
97,KimJongMoon_FR,1,Danielp05690333,2021-05-25T14:32:30.000Z
98,Danielp05690333,1,KimJongMoon_FR,2021-05-25T14:26:16.000Z
99,Richard_Newman1,1,Charles_Ford3,2021-05-25T11:33:07.000Z
0,juare_antonio,1,CoinMarketCap,2021-05-28T09:47:16.000Z
1,alexandre_lores,1,CoinMarketCap,2021-05-28T08:39:20.000Z
2,Mohamme11249194,1,CoinMarketCap,2021-05-27T20:27:50.000Z
3,catina_georgiy,1,CoinMarketCap,2021-05-26T16:22:53.000Z
4,SathyaN66098303,1,CoinMarketCap,2021-05-26T12:14:31.000Z
5,DipakLamaTaman2,1,CoinMarketCap,2021-05-26T09:25:38.000Z
6,Striker_Seven,1,CoinMarketCap,2021-05-26T06:33:10.000Z
7,Garf_Thanos,1,CoinMarketCap,2021-05-26T04:26:36.000Z
8,boomshanker5,1,CoinMarketCap,2021-05-26T02:19:39.000Z
9,Okay_fin,1,CoinMarketCap,2021-05-25T23:53:55.000Z
10,mathewtimmy,1,CoinMarketCap,2021-05-25T21:20:31.000Z
11,cosminej,1,CoinMarketCap,2021-05-25T20:33:50.000Z
12,DefiMass,1,CoinMarketCap,2021-05-25T16:06:59.000Z
13,LongLiv9,1,CoinMarketCap,2021-05-25T15:23:51.000Z
14,andrwdalton,1,CoinMarketCap,2021-05-25T13:08:12.000Z
15,KaziAbidAlAsad3,1,CoinMarketCap,2021-05-25T07:49:21.000Z
16,KeyesZabana,1,CoinMarketCap,2021-05-25T07:32:03.000Z
17,FarleyKellan,1,CoinMarketCap,2021-05-25T07:08:12.000Z
18,CryptoBanks2,1,CoinMarketCap,2021-05-25T06:12:03.000Z
19,thienba19647801,1,CoinMarketCap,2021-05-25T04:36:58.000Z
20,tonysmi99,1,CoinMarketCap,2021-05-25T01:46:31.000Z
21,FernandMatiz,1,catina_georgiy,2021-05-26T16:23:41.000Z
22,Talenteduser,1,be_butchi,2021-05-24T21:41:39.000Z
0,AkilKha68857111,1,CoinMarketCap,2021-05-31T14:07:29.000Z
1,Prakash30335668,1,CoinMarketCap,2021-05-29T16:58:30.000Z
2,MdAfazUddinLit1,1,CoinMarketCap,2021-05-29T09:28:32.000Z
3,Muhammad59626,1,CoinMarketCap,2021-05-28T11:29:15.000Z
4,steve_7an,1,CoinMarketCap,2021-05-28T05:13:15.000Z
5,Teslainu_TESINU,1,CoinMarketCap,2021-05-27T10:58:13.000Z
6,CrysociaL,1,CoinMarketCap,2021-05-27T08:16:32.000Z
7,zickorep,1,CoinMarketCap,2021-05-26T23:16:21.000Z
8,bittorentmark,1,CoinMarketCap,2021-05-26T20:50:41.000Z
9,MdShohe63118243,1,CoinMarketCap,2021-05-26T20:49:41.000Z
10,SAIF17117,1,CoinMarketCap,2021-05-26T19:33:04.000Z
11,n_Jamesmart,1,CoinMarketCap,2021-05-26T16:42:09.000Z
12,GentlemanKuzey,1,CoinMarketCap,2021-05-26T09:14:40.000Z
13,setiyoko_adhi,1,CoinMarketCap,2021-05-26T05:16:09.000Z
14,_moghaddam_,1,CoinMarketCap,2021-05-26T02:58:47.000Z
15,Hamed_bafe,1,CoinMarketCap,2021-05-25T23:17:00.000Z
16,AsrYangin,1,CoinMarketCap,2021-05-25T17:54:52.000Z
17,Joseph99693480,1,CoinMarketCap,2021-05-25T16:58:15.000Z
18,DogeMDoge,1,CoinMarketCap,2021-05-25T14:31:26.000Z
19,DogeMDoge,1,CoinMarketCap,2021-05-25T14:31:03.000Z
20,yVxzQjrWZyV9lrP,1,CoinMarketCap,2021-05-25T13:11:14.000Z
21,Alireza78881641,1,CoinMarketCap,2021-05-25T13:09:36.000Z
22,Enea82670385,1,CoinMarketCap,2021-05-25T12:32:43.000Z
23,Enea82670385,1,CoinMarketCap,2021-05-25T12:28:43.000Z
24,Game_Centerone,1,CoinMarketCap,2021-05-25T11:02:39.000Z
25,NormanOzborne,1,CoinMarketCap,2021-05-25T09:41:52.000Z
26,voriakhodaie,1,CoinMarketCap,2021-05-25T09:34:34.000Z
27,MolinaJake1,1,CoinMarketCap,2021-05-25T08:46:47.000Z
28,FKamdyn,1,CoinMarketCap,2021-05-25T08:44:05.000Z
29,coineengineer,1,CoinMarketCap,2021-05-25T08:17:47.000Z
30,Nofriyandi01,1,CoinMarketCap,2021-05-25T08:17:12.000Z
31,vaishawikr,1,CoinMarketCap,2021-05-25T07:47:50.000Z
32,CryptoBanks2,1,CoinMarketCap,2021-05-25T06:27:46.000Z
33,MaldonadoEvely5,1,CoinMarketCap,2021-05-25T06:18:06.000Z
34,Primelle_Inc,1,CoinMarketCap,2021-05-25T06:11:59.000Z
35,mangerlan,1,CoinMarketCap,2021-05-25T05:21:59.000Z
36,boomshanker5,1,CoinMarketCap,2021-05-25T04:43:41.000Z
37,TaraMadonald,1,CoinMarketCap,2021-05-25T04:31:58.000Z
38,NavarroCecelia1,1,CoinMarketCap,2021-05-25T03:47:49.000Z
39,CInv63,1,CoinMarketCap,2021-05-24T22:12:16.000Z
40,misi4451,1,CoinMarketCap,2021-05-24T21:48:56.000Z
41,eNXOB3qtJzrRfKT,1,CoinMarketCap,2021-05-24T21:26:17.000Z
42,justicejaimal,1,justicejaimal,2021-05-25T13:01:28.000Z
43,DavidALMartins,1,Cryptacular2,2021-05-25T10:18:10.000Z
44,T100009840385,1,martinjamesmail,2021-05-24T22:45:10.000Z
45,martinjamesmail,1,T100009840385,2021-05-24T21:48:39.000Z
46,Cryptacular2,1,halolw,2021-05-24T21:38:00.000Z
0,antifudpatrol,1,BTCTN,2021-05-31T20:56:59.000Z
1,Ben_Evans31,1,BTCTN,2021-05-31T20:25:50.000Z
2,Fred_Lewis12,1,BTCTN,2021-05-31T20:23:53.000Z
3,Richard_Newman1,1,BTCTN,2021-05-31T20:22:35.000Z
4,Richard_Newman1,1,BTCTN,2021-05-31T19:46:49.000Z
5,EkicilerinAnil,1,BTCTN,2021-05-31T20:03:26.000Z
6,hsolakibrahim,1,BTCTN,2021-05-31T19:18:37.000Z
7,SunnySh21526120,1,BTCTN,2021-05-31T19:06:45.000Z
8,BerthaEngel2,1,BTCTN,2021-05-31T18:55:46.000Z
9,Trent9950,1,BTCTN,2021-05-31T18:46:19.000Z
10,thakurr_amit,1,BTCTN,2021-05-31T18:41:10.000Z
11,AltunKabir,1,BTCTN,2021-05-31T18:12:52.000Z
12,MSGillani34,1,BTCTN,2021-05-31T18:12:25.000Z
13,Kiki46593757,1,BTCTN,2021-05-31T18:05:31.000Z
14,Christo_robe,1,BTCTN,2021-05-31T18:04:01.000Z
15,thelastwalker,1,BTCTN,2021-05-31T17:46:30.000Z
16,Horpeyemy_g,1,BTCTN,2021-05-31T17:06:23.000Z
17,underwood971001,1,BTCTN,2021-05-31T16:56:03.000Z
18,thesmiling_Coin,1,BTCTN,2021-05-31T16:48:19.000Z
19,AzharDi38374236,1,BTCTN,2021-05-31T16:45:02.000Z
20,DogecoinRemark,1,BTCTN,2021-05-31T16:42:10.000Z
21,MdMomin47600410,1,BTCTN,2021-05-31T16:37:06.000Z
22,standwithelon,1,BTCTN,2021-05-31T16:27:53.000Z
23,JohnKabel2,1,BTCTN,2021-05-31T16:18:57.000Z
24,arun310,1,BTCTN,2021-05-31T16:17:50.000Z
25,DheerendraKsana,1,BTCTN,2021-05-31T16:15:32.000Z
26,Elizabe40820917,1,BTCTN,2021-05-31T16:07:59.000Z
27,aminkorkizade,1,BTCTN,2021-05-31T16:07:52.000Z
28,wondatrades1,1,BTCTN,2021-05-31T16:07:19.000Z
29,CarlosBraca5,1,BTCTN,2021-05-31T16:06:25.000Z
30,Debman15,1,BTCTN,2021-05-31T15:56:44.000Z
31,ShibaTokenSwap,1,BTCTN,2021-05-31T15:56:28.000Z
32,johnson94_s,1,BTCTN,2021-05-31T15:50:16.000Z
33,Deerek99,1,BTCTN,2021-05-31T15:49:16.000Z
34,Binance_4_U,1,BTCTN,2021-05-31T15:49:11.000Z
35,MrJeff63200740,1,BTCTN,2021-05-31T15:43:46.000Z
36,Shiba1NYC,1,BTCTN,2021-05-31T15:43:23.000Z
37,BrulsAlfred,1,BTCTN,2021-05-31T15:43:05.000Z
38,CallmeBboby,1,BTCTN,2021-05-31T15:39:21.000Z
39,Philiphill473,1,BTCTN,2021-05-31T15:39:17.000Z
40,Cuthber01549842,1,BTCTN,2021-05-31T15:39:11.000Z
41,cryptoindia6,1,BTCTN,2021-05-31T15:38:59.000Z
42,Jacobsongreg93,1,BTCTN,2021-05-31T15:37:46.000Z
43,dontdoubtdoge,1,BTCTN,2021-05-31T15:37:28.000Z
44,KEDAR7776BTC,1,BTCTN,2021-05-31T15:36:06.000Z
45,bolonney,1,BTCTN,2021-05-31T15:34:34.000Z
46,jhone100000000,1,BTCTN,2021-05-31T15:34:13.000Z
47,Brocsa2,1,BTCTN,2021-05-31T15:34:08.000Z
48,BSZBets,1,BTCTN,2021-05-31T15:33:55.000Z
49,mark_bart69,1,BTCTN,2021-05-31T15:33:30.000Z
50,cryptyworld,1,BTCTN,2021-05-31T15:33:27.000Z
51,Klavunat,1,BTCTN,2021-05-31T15:32:54.000Z
52,investmentceoo,1,BTCTN,2021-05-31T15:32:46.000Z
53,Agustina1100,1,Kiki46593757,2021-05-31T20:51:40.000Z
54,Agustina1100,1,dontdoubtdoge,2021-05-31T20:51:28.000Z
55,Agustina1100,1,MdMomin47600410,2021-05-31T20:51:15.000Z
56,Agustina1100,1,hsolakibrahim,2021-05-31T20:51:03.000Z
57,Agustina1100,1,KEDAR7776BTC,2021-05-31T20:50:48.000Z
58,Agustina1100,1,Deerek99,2021-05-31T20:50:34.000Z
59,Agustina1100,1,arun310,2021-05-31T20:50:21.000Z
60,Agustina1100,1,smailolu9,2021-05-31T20:50:09.000Z
61,Agustina1100,1,Debman15,2021-05-31T20:49:44.000Z
62,Agustina1100,1,AltunKabir,2021-05-31T20:49:33.000Z
63,Andrew_Harris0,1,Ben_Evans31,2021-05-31T20:26:27.000Z
64,Ben_Evans31,1,Fred_Lewis12,2021-05-31T20:24:42.000Z
65,Fred_Lewis12,1,Richard_Newman1,2021-05-31T20:23:17.000Z
66,Fred_Lewis12,1,Richard_Newman1,2021-05-31T19:47:21.000Z
67,vins35241293,1,cryptoindia6,2021-05-31T15:54:29.000Z
68,MrJeff63200740,1,Revolvercrypto,2021-05-31T15:46:47.000Z
69,smailolu9,1,Shiba1NYC,2021-05-31T15:45:43.000Z
70,Revolvercrypto,1,MrJeff63200740,2021-05-31T15:45:18.000Z
0,baebae425,1,BTCTN,2021-05-31T12:28:22.000Z
1,Maria35924386,1,BTCTN,2021-05-30T23:22:40.000Z
2,rambo07897946,1,BTCTN,2021-05-30T21:26:03.000Z
3,CPTHOLD1,1,BTCTN,2021-05-30T20:56:15.000Z
4,andy_leofx,1,BTCTN,2021-05-30T20:51:15.000Z
5,haroldMu17,1,BTCTN,2021-05-30T19:22:28.000Z
6,Dayve__,1,BTCTN,2021-05-30T19:17:00.000Z
7,De_sure_,1,BTCTN,2021-05-30T18:46:26.000Z
8,cameronwink2,1,BTCTN,2021-05-30T17:56:56.000Z
9,feliciahudsonfx,1,BTCTN,2021-05-30T17:19:16.000Z
10,stellafxtrade,1,BTCTN,2021-05-30T16:27:55.000Z
11,fc_bordeaux,1,BTCTN,2021-05-30T16:24:23.000Z
12,kdyptr69,1,BTCTN,2021-05-30T15:47:41.000Z
13,DeenaSaenko,1,BTCTN,2021-05-30T15:42:02.000Z
14,DanhNgtweeter,1,BTCTN,2021-05-30T15:21:07.000Z
15,PK_SRMT,1,BTCTN,2021-05-30T14:25:47.000Z
16,Almas28767909,1,BTCTN,2021-05-30T05:09:06.000Z
17,leidingdun,1,BTCTN,2021-05-30T14:05:37.000Z
18,ProfTony3d,1,BTCTN,2021-05-30T13:18:51.000Z
19,EbuJacob,1,BTCTN,2021-05-30T12:53:11.000Z
20,nekhleshsingh,1,BTCTN,2021-05-30T12:51:58.000Z
21,saba16383376,1,BTCTN,2021-05-30T12:44:54.000Z
22,AnjeetKunwar,1,BTCTN,2021-05-30T12:17:29.000Z
23,ChartEarly,1,BTCTN,2021-05-30T11:53:35.000Z
24,AdrianTiger,1,BTCTN,2021-05-30T11:05:00.000Z
25,Sushils61902497,1,BTCTN,2021-05-30T09:39:48.000Z
26,Goldtender_io,1,BTCTN,2021-05-30T08:58:53.000Z
27,Philiphill473,1,BTCTN,2021-05-30T08:38:57.000Z
28,MSGillani34,1,BTCTN,2021-05-30T07:56:17.000Z
29,vijay9766,1,BTCTN,2021-05-30T07:02:06.000Z
30,liamevel,1,BTCTN,2021-05-30T06:34:11.000Z
31,crayptotech,1,BTCTN,2021-05-30T06:33:43.000Z
32,HamzaKi15497015,1,BTCTN,2021-05-30T06:14:36.000Z
33,tallestbabe32,1,BTCTN,2021-05-30T06:13:16.000Z
34,AnnFeldmann2,1,BTCTN,2021-05-30T05:32:16.000Z
35,robwadeson,1,BTCTN,2021-05-30T05:27:54.000Z
36,Binance_4_U,1,BTCTN,2021-05-30T05:27:09.000Z
37,Binance_4_U,1,BTCTN,2021-05-30T04:06:13.000Z
38,thesmiling_Coin,1,BTCTN,2021-05-30T05:14:10.000Z
39,BitcoinamericaO,1,BTCTN,2021-05-30T05:08:59.000Z
40,sophia_james4,1,BTCTN,2021-05-30T05:08:16.000Z
41,HowellKaitlyn1,1,BTCTN,2021-05-30T04:30:35.000Z
42,AbhinavKeshar17,1,BTCTN,2021-05-30T04:27:47.000Z
43,trade_ethereum,1,BTCTN,2021-05-30T04:20:01.000Z
44,CRYPTOzzie,1,BTCTN,2021-05-30T04:19:25.000Z
45,hee_katie,1,BTCTN,2021-05-30T04:16:28.000Z
46,youny_bigboy,1,BTCTN,2021-05-30T04:11:08.000Z
47,BillardJersey,1,BTCTN,2021-05-30T04:06:00.000Z
48,Divid47082574,1,BTCTN,2021-05-30T04:05:19.000Z
49,trexia69,1,BTCTN,2021-05-30T04:02:27.000Z
50,ursula13346483,1,BTCTN,2021-05-30T03:59:27.000Z
51,shitoshitrader,1,BTCTN,2021-05-30T03:57:17.000Z
52,Cansu25102295,1,BTCTN,2021-05-30T03:55:28.000Z
53,CryptoAlchemy1,1,BTCTN,2021-05-30T03:38:10.000Z
54,Hickman59991694,1,BTCTN,2021-05-30T03:44:02.000Z
55,KatlogF,1,BTCTN,2021-05-30T03:43:37.000Z
56,TheBeastDogeInu,1,BTCTN,2021-05-30T03:40:50.000Z
57,JuanGutiCA714,1,BTCTN,2021-05-30T03:35:45.000Z
58,Atoms_to_Bits,1,BTCTN,2021-05-30T03:34:42.000Z
59,Sardarkhan887,1,BTCTN,2021-05-30T03:33:50.000Z
60,Mccoy597,1,BTCTN,2021-05-30T03:32:49.000Z
61,Elsie37589,1,BTCTN,2021-05-30T03:32:23.000Z
62,jeff43499755,1,BTCTN,2021-05-30T03:32:15.000Z
63,0nH5ekJsTGwTuyi,1,BTCTN,2021-05-30T03:32:04.000Z
64,NsaiahHarriet,1,BTCTN,2021-05-30T03:31:34.000Z
65,investmentceoo,1,BTCTN,2021-05-30T03:31:17.000Z
66,MugallyAnas,1,BTCTN,2021-05-30T03:31:14.000Z
67,MugallyAnas,1,BTCTN,2021-05-30T03:31:14.000Z
68,ling_wizlyy,1,DeenaSaenko,2021-05-30T15:43:10.000Z
69,DanhNgtweeter,1,hee_katie,2021-05-30T11:40:49.000Z
70,DanhNgtweeter,1,AbhinavKeshar17,2021-05-30T11:37:48.000Z
71,leakleakleak6,1,Almas28767909,2021-05-30T14:32:07.000Z
72,leakleakleak6,1,Almas28767909,2021-05-30T14:11:44.000Z
73,leakleakleak6,1,Almas28767909,2021-05-30T13:52:18.000Z
74,leakleakleak6,1,Almas28767909,2021-05-30T13:45:33.000Z
75,leakleakleak6,1,Almas28767909,2021-05-30T13:31:39.000Z
76,Almas28767909,1,leakleakleak6,2021-05-30T14:14:28.000Z
77,Almas28767909,1,leakleakleak6,2021-05-30T14:04:21.000Z
78,Almas28767909,1,leakleakleak6,2021-05-30T13:49:51.000Z
79,Almas28767909,1,leakleakleak6,2021-05-30T13:38:44.000Z
80,Shenjxin,1,Atoms_to_Bits,2021-05-30T06:21:39.000Z
81,join_us_brother,1,shitoshitrader,2021-05-30T04:21:38.000Z
82,MysticalRose93,1,CryptoAlchemy1,2021-05-30T03:57:06.000Z
83,MysticalRose93,1,CryptoAlchemy1,2021-05-30T03:44:41.000Z
84,CryptoAlchemy1,1,MysticalRose93,2021-05-30T03:52:04.000Z
0,Philiphill473,1,BTCTN,2021-05-31T11:04:13.000Z
1,NonCentralised,1,BTCTN,2021-05-31T10:02:41.000Z
2,trackmann77,1,BTCTN,2021-05-31T08:40:18.000Z
3,ThirtySixNorth,1,BTCTN,2021-05-31T08:13:38.000Z
4,chrisV_2030,1,BTCTN,2021-05-31T03:00:41.000Z
5,ZacharyTay9,1,BTCTN,2021-05-31T01:42:40.000Z
6,ZacharyTay9,1,BTCTN,2021-05-31T01:40:13.000Z
7,ZacharyTay9,1,BTCTN,2021-05-31T01:39:52.000Z
8,hsuanpubg,1,BTCTN,2021-05-31T01:07:11.000Z
9,Maxwell45542092,1,BTCTN,2021-05-31T01:05:03.000Z
10,Gecko98844901,1,BTCTN,2021-05-31T00:54:38.000Z
11,JamesNo07873891,1,BTCTN,2021-05-31T00:35:31.000Z
12,KahloCopan,1,BTCTN,2021-05-31T00:19:26.000Z
13,thelastwalker,1,BTCTN,2021-05-30T23:59:02.000Z
14,Krazyjoe66,1,BTCTN,2021-05-30T23:57:01.000Z
15,Krzyszt81458726,1,BTCTN,2021-05-30T23:46:18.000Z
16,Maria35924386,1,BTCTN,2021-05-30T23:14:37.000Z
17,stevedma2004,1,BTCTN,2021-05-30T22:55:10.000Z
18,BitBurgler,1,BTCTN,2021-05-30T22:36:46.000Z
19,EbuJacob,1,BTCTN,2021-05-30T22:06:48.000Z
20,rambo07897946,1,BTCTN,2021-05-30T21:28:52.000Z
21,Outcast82957234,1,BTCTN,2021-05-30T21:20:26.000Z
22,mbabatokenfan,1,BTCTN,2021-05-30T20:38:46.000Z
23,arturckm,1,BTCTN,2021-05-30T20:17:50.000Z
24,emmanuelt17,1,BTCTN,2021-05-30T20:08:37.000Z
25,mathewtimmy,1,BTCTN,2021-05-30T19:27:59.000Z
26,RenoArt78,1,BTCTN,2021-05-30T19:17:35.000Z
27,ArghyaC38707727,1,BTCTN,2021-05-30T18:50:26.000Z
28,DelanayMason,1,BTCTN,2021-05-30T18:34:44.000Z
29,dodan_mihai,1,BTCTN,2021-05-30T18:34:39.000Z
30,Matt75141667,1,BTCTN,2021-05-30T18:25:08.000Z
31,Peter21945805,1,BTCTN,2021-05-30T18:23:26.000Z
32,RamakantMule,1,BTCTN,2021-05-30T18:21:40.000Z
33,palo_micheal,1,BTCTN,2021-05-30T18:09:27.000Z
34,sophia_james4,1,BTCTN,2021-05-30T18:02:07.000Z
35,jcrosas2020,1,BTCTN,2021-05-30T18:01:01.000Z
36,MahdiMR1988,1,BTCTN,2021-05-30T17:54:46.000Z
37,al_tharhaniy,1,BTCTN,2021-05-30T17:49:55.000Z
38,IndicatorMagic,1,BTCTN,2021-05-30T17:48:14.000Z
39,BobardandCo,1,BTCTN,2021-05-30T17:48:01.000Z
40,BitcoinzArmy,1,BTCTN,2021-05-30T17:41:05.000Z
41,SamuelMaskell5,1,BTCTN,2021-05-30T17:39:43.000Z
42,BillardJersey,1,BTCTN,2021-05-30T17:35:56.000Z
43,Razemiri74,1,BTCTN,2021-05-30T17:33:56.000Z
44,ConcreteSakura,1,BTCTN,2021-05-30T17:20:42.000Z
45,feliciahudsonfx,1,BTCTN,2021-05-30T17:19:34.000Z
46,NeerajK82827242,1,BTCTN,2021-05-30T17:16:03.000Z
47,criptotest,1,BTCTN,2021-05-30T17:09:33.000Z
48,braindrainomar,1,BTCTN,2021-05-30T17:07:47.000Z
49,ZRitalin,1,BTCTN,2021-05-30T17:05:13.000Z
50,tatsu190422,1,BTCTN,2021-05-30T17:04:47.000Z
51,Spiros_IM,1,BTCTN,2021-05-30T17:00:42.000Z
52,Petrosxristou,1,BTCTN,2021-05-30T16:58:16.000Z
53,Lamthalas,1,BTCTN,2021-05-30T16:13:40.000Z
54,JohnWallstrom,1,BTCTN,2021-05-30T16:50:29.000Z
55,standwithelon,1,BTCTN,2021-05-30T16:47:50.000Z
56,VivianM1854,1,BTCTN,2021-05-30T16:46:13.000Z
57,bnymncnplt,1,BTCTN,2021-05-30T16:43:47.000Z
58,CaioMacedo_BR,1,BTCTN,2021-05-30T16:41:43.000Z
59,Mboon91360656,1,BTCTN,2021-05-30T16:40:48.000Z
60,Erik_Wertheim,1,BTCTN,2021-05-30T16:39:32.000Z
61,realadamnamiri,1,BTCTN,2021-05-30T16:36:55.000Z
62,dashwood89,1,BTCTN,2021-05-30T16:35:01.000Z
63,ChrisJ5001,1,BTCTN,2021-05-30T16:34:59.000Z
64,DaNeoma5,1,BTCTN,2021-05-30T16:33:36.000Z
65,omer_mkayhan,1,BTCTN,2021-05-30T16:33:28.000Z
66,CryptoRecheal,1,BTCTN,2021-05-30T16:31:29.000Z
67,SCryptonick,1,BTCTN,2021-05-30T16:24:51.000Z
68,elrobosigue,1,BTCTN,2021-05-30T16:24:46.000Z
69,WW_Fund,1,BTCTN,2021-05-30T16:24:33.000Z
70,IrfanHa00183876,1,BTCTN,2021-05-30T16:24:09.000Z
71,cryptonamese,1,BTCTN,2021-05-30T16:22:46.000Z
72,carrisamarie0,1,BTCTN,2021-05-30T16:22:44.000Z
73,stellafxtrade,1,BTCTN,2021-05-30T16:22:01.000Z
74,lvictorfaulkner,1,BTCTN,2021-05-30T16:20:50.000Z
75,AzanyahM,1,BTCTN,2021-05-30T16:17:59.000Z
76,mrbitcoincash,1,BTCTN,2021-05-30T16:17:43.000Z
77,SPINCRYPTO1,1,BTCTN,2021-05-30T16:15:52.000Z
78,BSZBets,1,BTCTN,2021-05-30T16:13:54.000Z
79,CryptoCrowBTC,1,BTCTN,2021-05-30T16:13:51.000Z
80,Brijio,1,BTCTN,2021-05-30T16:13:49.000Z
81,raferacrypto,1,Matt75141667,2021-05-31T10:30:37.000Z
82,raferacrypto,1,arturckm,2021-05-31T10:30:11.000Z
83,raferacrypto,1,ChrisJ5001,2021-05-31T10:29:20.000Z
84,raferacrypto,1,braindrainomar,2021-05-31T10:28:52.000Z
85,raferacrypto,1,CaioMacedo_BR,2021-05-31T10:28:36.000Z
86,mybro_thewizard,1,Lamthalas,2021-05-31T09:41:25.000Z
87,Lamthalas,1,Lamthalas,2021-05-30T16:58:01.000Z
88,mybro_thewizard,1,Krzyszt81458726,2021-05-31T09:40:34.000Z
89,mybro_thewizard,1,BitBurgler,2021-05-31T09:39:25.000Z
90,mybro_thewizard,1,DaNeoma5,2021-05-31T09:38:40.000Z
91,mybro_thewizard,1,Brijio,2021-05-31T09:38:05.000Z
92,ZacharyTay9,1,Brijio,2021-05-31T01:41:52.000Z
93,ZacharyTay9,1,ZRitalin,2021-05-31T01:42:03.000Z
94,NeerajK82827242,1,NeerajK82827242,2021-05-30T17:18:18.000Z
95,CimmJordan,1,JohnWallstrom,2021-05-30T17:10:34.000Z
96,AndrewC64609819,1,lvictorfaulkner,2021-05-30T16:22:32.000Z
97,emmasonchigbogu,1,CRYPTOzzie,2021-05-30T16:13:46.000Z
98,AnifowoseAyoba2,1,Beyaz_PeyNirr,2021-05-30T16:13:25.000Z
99,AnifowoseAyoba2,1,breck_jan,2021-05-30T16:13:16.000Z
0,AhTow_Tony,1,BTCTN,2021-05-30T22:08:49.000Z
1,eric42629372,1,BTCTN,2021-05-30T17:10:48.000Z
2,reynaldo5000,1,BTCTN,2021-05-30T16:04:27.000Z
3,FreedomMaxima,1,BTCTN,2021-05-30T14:14:34.000Z
4,_Only21Million,1,BTCTN,2021-05-30T14:12:55.000Z
5,Peter21945805,1,BTCTN,2021-05-30T13:59:50.000Z
6,thelastwalker,1,BTCTN,2021-05-30T11:37:04.000Z
7,caochuong3,1,BTCTN,2021-05-30T08:26:06.000Z
8,MSGillani34,1,BTCTN,2021-05-30T08:00:00.000Z
9,dee_sids,1,BTCTN,2021-05-30T07:11:48.000Z
10,thesmiling_Coin,1,BTCTN,2021-05-30T05:14:28.000Z
11,sophia_james4,1,BTCTN,2021-05-30T05:11:33.000Z
12,apantoja079,1,BTCTN,2021-05-30T04:42:49.000Z
13,Maria35924386,1,BTCTN,2021-05-30T02:44:25.000Z
14,KurtWag99630900,1,BTCTN,2021-05-30T02:11:53.000Z
15,PopeFelix3,1,BTCTN,2021-05-30T02:00:48.000Z
16,Sorted72714827,1,BTCTN,2021-05-30T01:38:45.000Z
17,Heeeers_Johnny,1,BTCTN,2021-05-30T01:13:58.000Z
18,AbeytuCass,1,BTCTN,2021-05-30T01:16:43.000Z
19,BradSte16282579,1,BTCTN,2021-05-30T01:10:12.000Z
20,BitcoinGedanken,1,BTCTN,2021-05-30T01:05:49.000Z
21,Binance_4_U,1,BTCTN,2021-05-30T00:46:36.000Z
22,BSZBets,1,BTCTN,2021-05-30T00:38:23.000Z
23,DarnakhRafik,1,BTCTN,2021-05-30T00:29:32.000Z
24,thebuildinn,1,BTCTN,2021-05-30T00:03:05.000Z
25,Paytenvxc,1,BTCTN,2021-05-30T00:01:59.000Z
26,iaiopt,1,BTCTN,2021-05-30T00:01:29.000Z
27,Hans70353431,1,BTCTN,2021-05-30T00:01:19.000Z
28,CarthaginemE,1,BTCTN,2021-05-29T23:54:00.000Z
29,tradermkx,1,BTCTN,2021-05-29T23:52:09.000Z
30,iKonomy_U,1,BTCTN,2021-05-29T23:51:51.000Z
31,investmentceoo,1,BTCTN,2021-05-29T23:47:26.000Z
32,Zelulose1,1,BTCTN,2021-05-29T23:47:14.000Z
33,bits_infinity,1,BTCTN,2021-05-29T23:46:44.000Z
34,reaposhi,1,BTCTN,2021-05-29T23:44:46.000Z
35,SirJohnnyofDirt,1,BTCTN,2021-05-29T23:43:53.000Z
36,HODLSTREET,1,BTCTN,2021-05-29T23:42:36.000Z
37,HODLSTREET,1,BTCTN,2021-05-29T23:40:21.000Z
38,Francis64166023,1,BTCTN,2021-05-29T23:42:21.000Z
39,Reedster731,1,BTCTN,2021-05-29T23:41:48.000Z
40,sophie_jqmes,1,BTCTN,2021-05-29T23:40:59.000Z
41,_anto3000,1,BTCTN,2021-05-29T23:39:34.000Z
42,catorce_mikey,1,BTCTN,2021-05-29T23:39:32.000Z
43,2021iaminlove,1,BTCTN,2021-05-29T23:38:12.000Z
44,jimmybitty,1,BTCTN,2021-05-29T23:37:47.000Z
45,whydidugothere,1,BTCTN,2021-05-29T23:37:38.000Z
46,sniperpodcast,1,BTCTN,2021-05-29T23:37:16.000Z
47,Aanndyyyy,1,BTCTN,2021-05-29T23:35:43.000Z
48,Sanatam_,1,BTCTN,2021-05-29T23:35:36.000Z
49,Will3GRA,1,BTCTN,2021-05-29T23:35:10.000Z
50,Philiphill473,1,BTCTN,2021-05-29T23:35:04.000Z
51,Eurynomestolas,1,BTCTN,2021-05-29T23:35:04.000Z
52,cryptyworld,1,BTCTN,2021-05-29T23:34:56.000Z
53,MitchTypoCr,1,BTCTN,2021-05-29T23:33:58.000Z
54,CaribbeanHodl,1,Heeeers_Johnny,2021-05-30T10:22:14.000Z
55,Heeeers_Johnny,1,iKonomy_U,2021-05-30T01:19:52.000Z
56,LalaineChiong4,1,cryptyworld,2021-05-29T23:43:50.000Z
0,chrisV_2030,1,SuperRichanddu1,2021-05-31T02:58:05.000Z
1,chrisV_2030,1,SuperRichanddu1,2021-05-31T01:53:06.000Z
2,chrisV_2030,1,SuperRichanddu1,2021-05-30T08:00:07.000Z
3,UmutAlperCeyla1,1,SuperRichanddu1,2021-05-31T00:09:00.000Z
4,UmutAlperCeyla1,1,SuperRichanddu1,2021-05-30T21:37:18.000Z
5,SuperRichanddu1,1,chrisV_2030,2021-05-31T02:01:12.000Z
6,SuperRichanddu1,1,UmutAlperCeyla1,2021-05-30T23:40:37.000Z
7,SuperRichanddu1,1,BTCTN,2021-05-30T05:58:19.000Z
8,YitfoongL,1,BTCTN,2021-05-30T01:42:59.000Z
9,MADSENSORY,1,BTCTN,2021-05-30T12:59:14.000Z
10,bits_infinity,1,BTCTN,2021-05-30T11:33:31.000Z
11,fabiocrimiosteo,1,BTCTN,2021-05-30T08:54:56.000Z
12,thesas29,1,BTCTN,2021-05-30T08:39:40.000Z
13,Philiphill473,1,BTCTN,2021-05-30T08:39:10.000Z
14,Issh83289889,1,BTCTN,2021-05-30T08:17:20.000Z
15,Majid32754004,1,BTCTN,2021-05-30T08:09:53.000Z
16,MSGillani34,1,BTCTN,2021-05-30T07:58:34.000Z
17,CryptoAmigo,1,BTCTN,2021-05-30T07:30:21.000Z
18,DaherUriel,1,BTCTN,2021-05-30T06:35:57.000Z
19,Ahsdrx,1,BTCTN,2021-05-30T06:01:57.000Z
20,Mboon91360656,1,BTCTN,2021-05-30T05:54:52.000Z
21,RIPCryptoToken,1,BTCTN,2021-05-30T05:47:43.000Z
22,Cash_Thapa,1,BTCTN,2021-05-30T05:34:15.000Z
23,AnnFeldmann2,1,BTCTN,2021-05-30T05:32:38.000Z
24,thesmiling_Coin,1,BTCTN,2021-05-30T05:14:19.000Z
25,sophia_james4,1,BTCTN,2021-05-30T05:10:44.000Z
26,realbullishcow1,1,BTCTN,2021-05-30T04:22:05.000Z
27,RaviRan07305236,1,BTCTN,2021-05-30T04:16:38.000Z
28,WallViet,1,BTCTN,2021-05-30T03:45:27.000Z
29,electralindadgb,1,BTCTN,2021-05-30T03:30:08.000Z
30,bryanhughes813,1,BTCTN,2021-05-30T03:27:57.000Z
31,TedyMoon1,1,BTCTN,2021-05-30T03:20:14.000Z
32,Maria35924386,1,BTCTN,2021-05-30T02:44:17.000Z
33,trexia69,1,BTCTN,2021-05-30T02:35:19.000Z
34,Jhon675648301,1,BTCTN,2021-05-30T02:33:56.000Z
35,Jhon675648301,1,BTCTN,2021-05-30T02:26:27.000Z
36,cryptoinvest07,1,BTCTN,2021-05-30T02:32:08.000Z
37,moist_wethole,1,BTCTN,2021-05-30T02:15:18.000Z
38,Binance_4_U,1,BTCTN,2021-05-30T02:14:57.000Z
39,TARUNKU91705118,1,BTCTN,2021-05-30T02:13:21.000Z
40,KurtWag99630900,1,BTCTN,2021-05-30T02:05:59.000Z
41,BSZBets,1,BTCTN,2021-05-30T02:04:08.000Z
42,dashwood89,1,BTCTN,2021-05-30T02:02:02.000Z
43,McGrath1195,1,BTCTN,2021-05-30T02:01:46.000Z
44,AlexPet26074956,1,BTCTN,2021-05-30T01:58:16.000Z
45,Kevin47156082,1,BTCTN,2021-05-30T01:55:25.000Z
46,MandarinCrypto,1,BTCTN,2021-05-30T01:52:43.000Z
47,AzanyahM,1,BTCTN,2021-05-30T01:50:56.000Z
48,Ayati59017831,1,BTCTN,2021-05-30T01:50:39.000Z
49,Ayati59017831,1,BTCTN,2021-05-30T01:47:55.000Z
50,youny_bigboy,1,BTCTN,2021-05-30T01:48:59.000Z
51,Heeeers_Johnny,1,BTCTN,2021-05-30T01:45:20.000Z
52,Caishen66165025,1,BTCTN,2021-05-30T01:38:28.000Z
53,P3nguin10730293,1,BTCTN,2021-05-30T01:40:43.000Z
54,Darishfaq31,1,BTCTN,2021-05-30T01:42:40.000Z
55,Yuvraaj_singh_,1,BTCTN,2021-05-30T01:42:11.000Z
56,DEAD_BORN_STAR,1,BTCTN,2021-05-30T01:40:38.000Z
57,Sorted72714827,1,BTCTN,2021-05-30T01:39:47.000Z
58,cheetah_bsc,1,BTCTN,2021-05-30T01:39:43.000Z
59,colmtwhelan,1,BTCTN,2021-05-30T01:38:56.000Z
60,ptrmurphy63,1,BTCTN,2021-05-30T01:37:23.000Z
61,BasitPathan,1,BTCTN,2021-05-30T01:37:08.000Z
62,BuyitHighsellLo,1,BTCTN,2021-05-30T01:36:39.000Z
63,aamin30,1,BTCTN,2021-05-30T01:36:15.000Z
64,sangkala57,1,BTCTN,2021-05-30T01:35:37.000Z
65,lloydmorris1970,1,BTCTN,2021-05-30T01:35:36.000Z
66,Satoshi26885995,1,BTCTN,2021-05-30T01:34:07.000Z
67,leeprado6,1,BTCTN,2021-05-30T01:33:45.000Z
68,HodlersThe,1,BTCTN,2021-05-30T01:33:27.000Z
69,Mark__Alien,1,BTCTN,2021-05-30T01:33:22.000Z
70,0nH5ekJsTGwTuyi,1,BTCTN,2021-05-30T01:32:52.000Z
71,investmentceoo,1,BTCTN,2021-05-30T01:32:49.000Z
72,YitfoongL,1,Sean_Shinil_Kim,2021-05-30T13:39:41.000Z
73,Sean_Shinil_Kim,1,YitfoongL,2021-05-30T13:34:32.000Z
74,HummusBad,1,jane180_lopez,2021-05-30T02:15:30.000Z
75,tothe_n,1,Caishen66165025,2021-05-30T02:01:00.000Z
76,P3nguin10730293,1,Caishen66165025,2021-05-30T01:42:49.000Z
77,Caishen66165025,1,P3nguin10730293,2021-05-30T01:44:16.000Z
78,jane180_lopez,1,Mark__Alien,2021-05-30T01:42:27.000Z
79,jane180_lopez,1,Mark__Alien,2021-05-30T01:41:53.000Z
0,bible_xrp,1,Hiram67783843,2021-05-31T01:12:53.000Z
1,bible_xrp,1,Hiram67783843,2021-05-31T01:07:19.000Z
2,bible_xrp,1,Hiram67783843,2021-05-31T01:01:45.000Z
3,bible_xrp,1,DannyLe83611718,2021-05-30T19:21:04.000Z
4,Hiram67783843,1,bible_xrp,2021-05-31T01:07:30.000Z
5,Hiram67783843,1,bible_xrp,2021-05-31T00:37:46.000Z
6,Maria35924386,1,BTCTN,2021-05-30T23:23:56.000Z
7,Maria35924386,1,BTCTN,2021-05-30T02:44:54.000Z
8,yadiyahdoge,1,BTCTN,2021-05-30T05:08:23.000Z
9,dmo09876,1,BTCTN,2021-05-30T16:04:48.000Z
10,Philiphill473,1,BTCTN,2021-05-30T08:39:17.000Z
11,DannyLe83611718,1,BTCTN,2021-05-30T08:27:28.000Z
12,MSGillani34,1,BTCTN,2021-05-30T07:59:07.000Z
13,dee_sids,1,BTCTN,2021-05-30T07:12:54.000Z
14,AnnFeldmann2,1,BTCTN,2021-05-30T05:32:44.000Z
15,thesmiling_Coin,1,BTCTN,2021-05-30T05:14:24.000Z
16,sophia_james4,1,BTCTN,2021-05-30T05:11:10.000Z
17,mathewtimmy,1,BTCTN,2021-05-30T05:00:15.000Z
18,Ahrrggghh,1,BTCTN,2021-05-30T04:11:09.000Z
19,bryanhughes813,1,BTCTN,2021-05-30T03:28:08.000Z
20,RufusYoakam,1,BTCTN,2021-05-30T02:18:33.000Z
21,KurtWag99630900,1,BTCTN,2021-05-30T02:10:27.000Z
22,GueSyera,1,BTCTN,2021-05-30T01:00:13.000Z
23,Yazoo9163,1,BTCTN,2021-05-30T00:57:41.000Z
24,bits_infinity,1,BTCTN,2021-05-30T00:54:03.000Z
25,Binance_4_U,1,BTCTN,2021-05-30T00:45:51.000Z
26,JWILKERSONATC,1,BTCTN,2021-05-30T00:39:54.000Z
27,StakeHEX5555,1,BTCTN,2021-05-30T00:38:10.000Z
28,Paytenvxc,1,BTCTN,2021-05-30T00:33:27.000Z
29,pascalink1,1,BTCTN,2021-05-30T00:32:47.000Z
30,BitcoinamericaO,1,BTCTN,2021-05-30T00:32:27.000Z
31,yadiyahdoge,1,yadiyahdoge,2021-05-30T18:53:15.000Z
32,XRPGAWD,1,JWILKERSONATC,2021-05-30T02:06:46.000Z
0,SonnySonnyT,1,BTCTN,2021-05-28T14:07:43.000Z
1,EvaLovesGreen,1,BTCTN,2021-05-26T13:37:11.000Z
2,Inglori84115496,1,BTCTN,2021-05-25T22:05:12.000Z
3,elonHCMCmusk,1,BTCTN,2021-05-25T21:20:47.000Z
4,Chris__Jay,1,BTCTN,2021-05-25T06:36:58.000Z
5,MP3LASVEGAS,1,BTCTN,2021-05-25T01:25:09.000Z
6,BellEyedoc,1,YouthFlowering,2021-05-28T03:42:41.000Z
0,goldpath3,1,BTCTN,2021-05-26T10:25:44.000Z
1,Gracie11425816,1,BTCTN,2021-05-26T01:06:22.000Z
2,hlengane330,1,BTCTN,2021-05-25T19:01:49.000Z
3,stumaeza007,1,BTCTN,2021-05-25T18:49:49.000Z
4,SightInplain,1,BTCTN,2021-05-25T18:49:30.000Z
5,Florah47945470,1,BTCTN,2021-05-25T18:21:50.000Z
6,Ivy_Lims,1,BTCTN,2021-05-25T16:59:15.000Z
7,Sabelo21574680,1,BTCTN,2021-05-25T15:51:38.000Z
8,KaMzulwini,1,BTCTN,2021-05-25T15:46:22.000Z
9,Atulroys,1,BTCTN,2021-05-25T08:46:56.000Z
10,AsharamBhabhor,1,BTCTN,2021-05-25T08:36:42.000Z
11,Xhallyxo,1,BTCTN,2021-05-25T08:12:38.000Z
12,MatthMills,1,BTCTN,2021-05-25T07:51:01.000Z
13,NatureI52615379,1,BTCTN,2021-05-25T07:37:52.000Z
14,PuseletsoM16,1,BTCTN,2021-05-25T06:01:16.000Z
15,brixmen_daf,1,BTCTN,2021-05-25T05:38:14.000Z
16,Khophoza1,1,BTCTN,2021-05-25T05:09:23.000Z
17,BCWISPERS,1,BTCTN,2021-05-25T04:55:09.000Z
18,OlawuyiSunday12,1,BTCTN,2021-05-25T04:30:24.000Z
19,DanielSamgwa,1,BTCTN,2021-05-25T03:01:45.000Z
20,MikeOzavesh,1,BTCTN,2021-05-25T01:08:10.000Z
21,47th__Ronin,1,BTCTN,2021-05-25T00:19:08.000Z
22,Mr_Sure1,1,BTCTN,2021-05-25T00:14:49.000Z
23,Elijah61464006,1,BTCTN,2021-05-25T00:04:31.000Z
24,overseermg,1,BTCTN,2021-05-25T00:03:06.000Z
25,KurtWag99630900,1,BTCTN,2021-05-24T23:33:14.000Z
26,feliciahudsonfx,1,BTCTN,2021-05-24T23:01:04.000Z
27,JClassicMaestro,1,BTCTN,2021-05-24T21:43:15.000Z
28,fosilcans,1,BTCTN,2021-05-24T21:43:08.000Z
29,UltimoHaz,1,BTCTN,2021-05-24T21:18:58.000Z
30,GoodBoyDoggo_,1,BCWISPERS,2021-05-25T05:38:02.000Z
31,OskoWill,1,feliciahudsonfx,2021-05-25T00:34:58.000Z
0,cryptobhidu,1,BTCTN,2021-05-25T14:00:51.000Z
1,Leonard34000,1,BTCTN,2021-05-25T12:12:59.000Z
2,wonderwomanfor,1,BTCTN,2021-05-25T11:02:42.000Z
3,ZabatEdsel,1,BTCTN,2021-05-25T09:48:12.000Z
4,Helen36066019,1,BTCTN,2021-05-25T08:05:18.000Z
5,CohenTrinity1,1,BTCTN,2021-05-25T03:42:21.000Z
6,Midhun1978,1,BTCTN,2021-05-25T03:13:18.000Z
7,Sheilahitty,1,BTCTN,2021-05-25T03:06:14.000Z
8,TimothyTcoombes,1,BTCTN,2021-05-25T02:52:18.000Z
9,CRYPTOzzie,1,BTCTN,2021-05-25T02:50:25.000Z
10,cryptyworld,1,BTCTN,2021-05-25T02:33:21.000Z
11,HodlersThe,1,BTCTN,2021-05-25T02:32:35.000Z
12,OskoWill,1,cryptyworld,2021-05-25T03:25:09.000Z
0,Doctor_Seraphim,1,CliveJFox,2021-05-31T20:55:06.000Z
1,Doctor_Seraphim,1,CliveJFox,2021-05-31T19:31:24.000Z
2,Doctor_Seraphim,1,ayanaeliza,2021-05-31T14:31:06.000Z
3,blog_yang,1,ayanaeliza,2021-05-31T20:19:45.000Z
4,S4R41_K44R,1,ayanaeliza,2021-05-31T18:05:34.000Z
5,Siinrajiaal,1,ayanaeliza,2021-05-31T17:10:19.000Z
6,burnerrich,1,ayanaeliza,2021-05-31T16:43:02.000Z
7,David_theLawyer,1,ayanaeliza,2021-05-31T15:54:42.000Z
8,YoshidaG,1,ayanaeliza,2021-05-31T02:24:09.000Z
9,JYKim124,1,ayanaeliza,2021-05-31T15:12:58.000Z
10,JoWeB4,1,ayanaeliza,2021-05-31T15:02:23.000Z
11,OSilva88,1,ayanaeliza,2021-05-31T12:46:57.000Z
12,Commie4Nature,1,ayanaeliza,2021-05-31T12:28:52.000Z
13,FromTheShadow16,1,ayanaeliza,2021-05-31T11:40:12.000Z
14,LikeaRoss29,1,ayanaeliza,2021-05-31T11:24:48.000Z
15,GrgNash,1,ayanaeliza,2021-05-31T11:17:46.000Z
16,ArtemQuetzal,1,ayanaeliza,2021-05-31T02:42:39.000Z
17,Artists4Yang,1,ayanaeliza,2021-05-31T11:06:32.000Z
18,FloodTheMnstrm,1,ayanaeliza,2021-05-31T10:54:57.000Z
19,dogeth0,1,ayanaeliza,2021-05-31T10:17:02.000Z
20,5Smitty6,1,ayanaeliza,2021-05-31T10:13:28.000Z
21,soadkenjos,1,ayanaeliza,2021-05-31T07:29:53.000Z
22,DRWMCHL,1,ayanaeliza,2021-05-31T07:02:43.000Z
23,simply_yanggang,1,ayanaeliza,2021-05-31T06:18:24.000Z
24,UCUC88,1,ayanaeliza,2021-05-31T06:11:11.000Z
25,RichardHasse,1,ayanaeliza,2021-05-31T05:27:12.000Z
26,Alex52033756,1,ayanaeliza,2021-05-31T05:08:44.000Z
27,NewMutator,1,ayanaeliza,2021-05-31T04:52:30.000Z
28,RomanYork12,1,ayanaeliza,2021-05-31T04:39:48.000Z
29,AYGREYSON,1,ayanaeliza,2021-05-31T04:23:07.000Z
30,Soulraque,1,ayanaeliza,2021-05-31T04:24:20.000Z
31,lsthart,1,ayanaeliza,2021-05-31T03:49:43.000Z
32,KenH888,1,ayanaeliza,2021-05-31T03:49:33.000Z
33,bulokisms,1,ayanaeliza,2021-05-31T03:46:40.000Z
34,ClickThatFollow,1,ayanaeliza,2021-05-31T03:37:10.000Z
35,VBallTuan,1,ayanaeliza,2021-05-31T03:29:30.000Z
36,yang4prez1,1,ayanaeliza,2021-05-31T03:00:37.000Z
37,ElCapitan2020,1,ayanaeliza,2021-05-31T02:59:55.000Z
38,CraigSPowers3,1,ayanaeliza,2021-05-31T02:56:57.000Z
39,DaneBrooks8,1,ayanaeliza,2021-05-31T02:54:12.000Z
40,sumshing_wong88,1,ayanaeliza,2021-05-31T02:50:30.000Z
41,zenstyle,1,ayanaeliza,2021-05-31T02:48:31.000Z
42,XVX151,1,ayanaeliza,2021-05-31T02:45:45.000Z
43,AnnforYang,1,ayanaeliza,2021-05-31T02:45:22.000Z
44,johnywith1n,1,ayanaeliza,2021-05-31T02:43:53.000Z
45,KilladazeMusic,1,ayanaeliza,2021-05-31T02:38:17.000Z
46,NelNieves,1,ayanaeliza,2021-05-31T02:37:52.000Z
47,vchi_lee,1,ayanaeliza,2021-05-31T02:35:56.000Z
48,Rob55436237,1,ayanaeliza,2021-05-31T02:28:51.000Z
49,RNewmanND,1,ayanaeliza,2021-05-31T02:28:35.000Z
50,ArloPaulson,1,ayanaeliza,2021-05-31T02:25:57.000Z
51,AGutiGarcia,1,ayanaeliza,2021-05-31T02:22:40.000Z
52,0Mukr0,1,ayanaeliza,2021-05-31T02:21:56.000Z
53,SkittlesMcClure,1,ayanaeliza,2021-05-31T02:21:20.000Z
54,ZarMarquez,1,ayanaeliza,2021-05-31T02:19:27.000Z
55,chocolatequezo,1,ayanaeliza,2021-05-31T02:16:05.000Z
56,roberto_camp,1,ayanaeliza,2021-05-31T02:15:53.000Z
57,Yaya05101,1,ayanaeliza,2021-05-31T02:15:38.000Z
58,blog_yang,1,blog_yang,2021-05-31T20:37:43.000Z
59,blog_yang,1,blog_yang,2021-05-31T20:33:57.000Z
60,mira_hurley,1,blog_yang,2021-05-31T20:20:53.000Z
61,CliveJFox,1,Doctor_Seraphim,2021-05-31T20:18:37.000Z
62,CliveJFox,1,Doctor_Seraphim,2021-05-31T19:19:15.000Z
63,wont_like_you,1,Sobieck,2021-05-31T18:58:28.000Z
64,S4R41_K44R,1,Sobieck,2021-05-31T18:14:21.000Z
65,S4R41_K44R,1,Sobieck,2021-05-31T18:11:55.000Z
66,Siinrajiaal,1,Sobieck,2021-05-31T17:06:31.000Z
67,JointFitnessATL,1,Sobieck,2021-05-31T14:34:28.000Z
68,positively1972,1,Sobieck,2021-05-31T13:49:02.000Z
69,Sobieck,1,Sobieck,2021-05-31T13:10:42.000Z
70,ArtemQuetzal,1,Sobieck,2021-05-31T11:11:07.000Z
71,ArtemQuetzal,1,Sobieck,2021-05-31T03:16:37.000Z
72,odanovich,1,Sobieck,2021-05-31T06:33:17.000Z
73,AYGREYSON,1,Sobieck,2021-05-31T04:24:54.000Z
74,YoshidaG,1,YoshidaG,2021-05-31T15:42:46.000Z
75,LastOfTheAnalog,1,YoshidaG,2021-05-31T06:10:15.000Z
76,JointFitnessATL,1,AmunYoung,2021-05-31T14:27:08.000Z
77,positively1972,1,ArtemQuetzal,2021-05-31T13:50:12.000Z
78,Sobieck,1,ArtemQuetzal,2021-05-31T13:08:40.000Z
79,Sobieck,1,ArtemQuetzal,2021-05-31T10:51:44.000Z
80,ArtemQuetzal,1,ArtemQuetzal,2021-05-31T11:13:18.000Z
81,Sobieck,1,kenkoko2000,2021-05-31T02:31:01.000Z
82,5Smitty6,1,5Smitty6,2021-05-31T10:14:38.000Z
83,RBIlios,1,Betsy_DeFaux,2021-05-31T03:24:57.000Z
84,Tortugaman_,1,Betsy_DeFaux,2021-05-31T02:20:22.000Z
85,tearoeprice,1,Betsy_DeFaux,2021-05-31T02:12:01.000Z
86,Tortugaman_,1,infinitebritt,2021-05-31T03:12:23.000Z
87,HomophonesP,1,infinitebritt,2021-05-31T02:16:58.000Z
88,TheMattTyler,1,TheMattTyler,2021-05-31T03:02:24.000Z
89,TheMattTyler,1,RNewmanND,2021-05-31T02:53:01.000Z
90,TheMattTyler,1,AGutiGarcia,2021-05-31T02:50:49.000Z
91,CraigSPowers3,1,CraigSPowers3,2021-05-31T02:57:50.000Z
92,infinitebritt,1,Tortugaman_,2021-05-31T02:52:07.000Z
93,SmallPotatoes8,1,KiyomiMcfarlane,2021-05-31T02:31:02.000Z
94,LSioxson,1,KiyomiMcfarlane,2021-05-31T02:17:00.000Z
95,Rob55436237,1,tearoeprice,2021-05-31T02:24:44.000Z
96,YangVets,1,tearoeprice,2021-05-31T02:16:20.000Z
97,JR87479099,1,clark_edmundv,2021-05-31T02:23:06.000Z
98,NerfMuffin,1,clark_edmundv,2021-05-31T02:19:23.000Z
99,Yaya05101,1,GHarvey808,2021-05-31T02:12:52.000Z
0,asdeora,1,Dusty_Knight_,2021-05-30T06:13:53.000Z
1,AdeBadejo7,1,CryptoIndica,2021-05-29T22:45:12.000Z
2,Gamer27578080,1,cnni,2021-05-29T22:05:19.000Z
3,Graphenes1,1,cnni,2021-05-29T21:22:43.000Z
4,mac779,1,cnni,2021-05-29T21:16:31.000Z
5,CryptoIndica,1,cnni,2021-05-29T21:03:32.000Z
6,Patriots2005,1,cnni,2021-05-29T21:02:56.000Z
7,ElGatoIsACat,1,Patriots2005,2021-05-29T21:12:14.000Z
0,dogecoinelon2,1,SusanLiTV,2021-05-30T22:45:02.000Z
1,OBX_Angler,1,SusanLiTV,2021-05-29T23:09:02.000Z
2,Asahi_dry1990,1,SusanLiTV,2021-05-30T15:45:13.000Z
3,The_Sc1ence,1,SusanLiTV,2021-05-30T13:05:18.000Z
4,TexasCoaster89,1,SusanLiTV,2021-05-30T12:33:44.000Z
5,mrwealthy12,1,SusanLiTV,2021-05-30T11:57:26.000Z
6,resiakfi,1,SusanLiTV,2021-05-30T10:55:21.000Z
7,AmbrosioCrypto,1,SusanLiTV,2021-05-30T10:19:28.000Z
8,Shard79920395,1,SusanLiTV,2021-05-30T07:22:54.000Z
9,zocoins,1,SusanLiTV,2021-05-30T07:18:19.000Z
10,ALTCOIN_Z,1,SusanLiTV,2021-05-30T07:12:20.000Z
11,MightyDogeBSC,1,SusanLiTV,2021-05-30T07:08:53.000Z
12,FrankMcGriff3,1,SusanLiTV,2021-05-30T06:34:55.000Z
13,kl_leow,1,SusanLiTV,2021-05-30T05:47:57.000Z
14,Uwais_Irfan,1,SusanLiTV,2021-05-30T05:40:43.000Z
15,jcrosas2020,1,SusanLiTV,2021-05-30T05:17:38.000Z
16,Xod42,1,SusanLiTV,2021-05-30T04:44:25.000Z
17,JimBorowski6,1,SusanLiTV,2021-05-30T04:04:28.000Z
18,MetalJunkie94,1,SusanLiTV,2021-05-30T03:17:59.000Z
19,jeff43499755,1,SusanLiTV,2021-05-30T03:17:58.000Z
20,xoJohnD,1,SusanLiTV,2021-05-30T03:01:43.000Z
21,DogeBreakingNws,1,SusanLiTV,2021-05-30T02:18:36.000Z
22,LinwoodBolles,1,SusanLiTV,2021-05-30T02:02:44.000Z
23,KellumOfficial,1,SusanLiTV,2021-05-30T01:42:20.000Z
24,KrisChesshir,1,SusanLiTV,2021-05-30T01:21:51.000Z
25,LeonardLindstr3,1,SusanLiTV,2021-05-30T01:20:45.000Z
26,JesBCX,1,SusanLiTV,2021-05-29T23:56:04.000Z
27,DennisRomback,1,SusanLiTV,2021-05-29T21:50:07.000Z
28,ironyistasty,1,SusanLiTV,2021-05-29T21:23:18.000Z
29,ibKennyL10,1,SusanLiTV,2021-05-29T21:14:36.000Z
30,papi_kulow,1,SusanLiTV,2021-05-29T21:01:17.000Z
31,Jonatha77349275,1,SusanLiTV,2021-05-29T20:53:13.000Z
32,stormchaser52,1,SusanLiTV,2021-05-29T20:41:32.000Z
33,BLOODz_187,1,SusanLiTV,2021-05-29T20:27:07.000Z
34,69dogecoin,1,SusanLiTV,2021-05-29T18:44:08.000Z
35,ZmanSBCA,1,SusanLiTV,2021-05-29T20:16:03.000Z
36,DavidCr89140633,1,SusanLiTV,2021-05-29T20:14:06.000Z
37,krish18604978,1,SusanLiTV,2021-05-29T20:13:13.000Z
38,Only4Wealth,1,SusanLiTV,2021-05-29T19:38:24.000Z
39,Alifshish,1,SusanLiTV,2021-05-29T19:27:25.000Z
40,potstalking,1,SusanLiTV,2021-05-29T19:26:59.000Z
41,JadAl_87,1,SusanLiTV,2021-05-29T19:01:12.000Z
42,shaivalbabbar,1,SusanLiTV,2021-05-29T19:00:44.000Z
43,HindoyanJohn,1,SusanLiTV,2021-05-29T18:57:26.000Z
44,stra01001,1,SusanLiTV,2021-05-29T18:53:34.000Z
45,AbhiCryptoMedia,1,SusanLiTV,2021-05-29T18:53:23.000Z
46,ShawnMosbrucker,1,SusanLiTV,2021-05-29T18:52:15.000Z
47,POPTARTdmd,1,SusanLiTV,2021-05-29T18:51:31.000Z
48,rocxoo,1,SusanLiTV,2021-05-29T18:51:10.000Z
49,Jorg3Lop3z3,1,SusanLiTV,2021-05-29T18:47:12.000Z
50,mypenplease,1,SusanLiTV,2021-05-29T18:44:37.000Z
51,NotationQuo,1,SusanLiTV,2021-05-29T18:42:52.000Z
52,KeepPoundinGang,1,SusanLiTV,2021-05-29T18:40:43.000Z
53,RebornDionysus,1,SusanLiTV,2021-05-29T18:40:29.000Z
54,MohsenZarei1365,1,SusanLiTV,2021-05-29T18:39:19.000Z
55,calic415,1,SusanLiTV,2021-05-29T18:39:07.000Z
56,gordongekko369,1,SusanLiTV,2021-05-29T18:38:42.000Z
57,TerryWrist7,1,SusanLiTV,2021-05-29T18:38:22.000Z
58,Jeffrey20275638,1,SusanLiTV,2021-05-29T18:37:31.000Z
59,BillyM2k,1,SusanLiTV,2021-05-29T18:37:15.000Z
60,ThatWasPerfect,1,SusanLiTV,2021-05-29T18:23:23.000Z
61,logan_cheatham_,1,SusanLiTV,2021-05-29T18:31:22.000Z
62,RobTheRealist45,1,SusanLiTV,2021-05-29T18:26:04.000Z
63,rogerit678,1,SusanLiTV,2021-05-29T18:25:38.000Z
64,AlexLon74173321,1,SusanLiTV,2021-05-29T18:25:36.000Z
65,PMDiChristina,1,SusanLiTV,2021-05-29T18:24:35.000Z
66,DividendsGalt,1,SusanLiTV,2021-05-29T18:22:21.000Z
67,_michaeldsmith,1,SusanLiTV,2021-05-29T18:21:13.000Z
68,diarpie,1,SusanLiTV,2021-05-29T18:21:02.000Z
69,DogeRick_,1,SusanLiTV,2021-05-29T18:19:40.000Z
70,Deshawn68882369,1,SusanLiTV,2021-05-29T18:19:37.000Z
71,BadonkaDoge,1,SusanLiTV,2021-05-29T18:19:27.000Z
72,FStock8,1,SusanLiTV,2021-05-29T18:19:16.000Z
73,Gordhan_Khinchi,1,SusanLiTV,2021-05-29T18:19:02.000Z
74,OBX_Angler,1,argeniszurita,2021-05-30T16:11:59.000Z
75,argeniszurita,1,OBX_Angler,2021-05-30T11:29:27.000Z
76,HarsheitDoodeth,1,OBX_Angler,2021-05-30T02:06:50.000Z
77,Amisam789744023,1,BillyM2k,2021-05-30T08:04:34.000Z
78,eraile,1,BillyM2k,2021-05-29T21:08:50.000Z
79,BrandonLamrouex,1,BillyM2k,2021-05-29T19:34:00.000Z
80,CryptosJourney,1,BillyM2k,2021-05-29T19:29:18.000Z
81,RenGraff,1,BillyM2k,2021-05-29T19:01:13.000Z
82,Prakhar05773685,1,BillyM2k,2021-05-29T18:49:55.000Z
83,DOGECOINDADDY1,1,BillyM2k,2021-05-29T18:49:17.000Z
84,MetalJunkie94,1,KellumOfficial,2021-05-30T03:18:36.000Z
85,CryptoRise999,1,AlexLon74173321,2021-05-30T01:15:24.000Z
86,Bonnie__Bleu,1,calic415,2021-05-29T23:14:43.000Z
87,vishal_rnzn,1,69dogecoin,2021-05-29T20:41:49.000Z
88,vishal_rnzn,1,69dogecoin,2021-05-29T20:06:07.000Z
89,vishal_rnzn,1,69dogecoin,2021-05-29T19:59:59.000Z
90,69dogecoin,1,vishal_rnzn,2021-05-29T20:24:47.000Z
91,69dogecoin,1,vishal_rnzn,2021-05-29T20:01:15.000Z
92,Paulodi76229534,1,DavidCr89140633,2021-05-29T20:22:07.000Z
93,ThatWasPerfect,1,ThatWasPerfect,2021-05-29T18:32:46.000Z
0,MeditativeF,1,PumpIt52503027,2021-05-30T07:45:55.000Z
1,MeditativeF,1,PumpIt52503027,2021-05-27T21:09:45.000Z
2,MeditativeF,1,PumpIt52503027,2021-05-27T20:47:35.000Z
3,MeditativeF,1,PumpIt52503027,2021-05-27T20:46:18.000Z
4,MeditativeF,1,PumpIt52503027,2021-05-27T20:42:48.000Z
5,MeditativeF,1,PumpIt52503027,2021-05-27T19:54:22.000Z
6,MeditativeF,1,PumpIt52503027,2021-05-27T19:22:59.000Z
7,MeditativeF,1,PumpIt52503027,2021-05-26T23:32:31.000Z
8,MeditativeF,1,PumpIt52503027,2021-05-26T23:31:50.000Z
9,MeditativeF,1,PumpIt52503027,2021-05-26T18:14:03.000Z
10,MeditativeF,1,PumpIt52503027,2021-05-26T17:31:12.000Z
11,CryptoCowboy76,1,PumpIt52503027,2021-05-28T13:04:37.000Z
12,dharmaofhawaii,1,PumpIt52503027,2021-05-26T18:13:18.000Z
13,Debt_Supercycle,1,PumpIt52503027,2021-05-26T14:40:50.000Z
14,Debt_Supercycle,1,PumpIt52503027,2021-05-26T14:29:00.000Z
15,MeditativeF,1,kolzahn,2021-05-26T16:05:52.000Z
16,k7tape666,1,CoinDesk,2021-05-29T02:11:09.000Z
17,raoultesla,1,CoinDesk,2021-05-28T23:31:50.000Z
18,ZXRP9,1,CoinDesk,2021-05-28T18:04:55.000Z
19,Stefankock99,1,CoinDesk,2021-05-28T17:20:08.000Z
20,cokyabanciyim,1,CoinDesk,2021-05-28T12:00:52.000Z
21,feax31,1,CoinDesk,2021-05-28T11:43:23.000Z
22,Mohamma63105017,1,CoinDesk,2021-05-27T21:53:06.000Z
23,Hamed_bafe,1,CoinDesk,2021-05-27T10:27:31.000Z
24,Ranger48431673,1,CoinDesk,2021-05-26T22:57:27.000Z
25,schmiddytx,1,CoinDesk,2021-05-26T22:47:04.000Z
26,rntesports,1,CoinDesk,2021-05-26T21:29:49.000Z
27,ERC2OShitEater,1,CoinDesk,2021-05-26T18:37:16.000Z
28,coineengineer,1,CoinDesk,2021-05-26T18:34:04.000Z
29,NiNJah__,1,CoinDesk,2021-05-26T12:30:45.000Z
30,kimnichols08,1,CoinDesk,2021-05-26T16:56:33.000Z
31,sayloronbitcoin,1,CoinDesk,2021-05-26T15:54:24.000Z
32,benavides_marta,1,CoinDesk,2021-05-26T15:30:00.000Z
33,benavides_marta,1,CoinDesk,2021-05-26T15:28:23.000Z
34,benavides_marta,1,CoinDesk,2021-05-26T15:26:26.000Z
35,benavides_marta,1,CoinDesk,2021-05-26T15:21:48.000Z
36,benavides_marta,1,CoinDesk,2021-05-26T15:19:14.000Z
37,benavides_marta,1,CoinDesk,2021-05-26T15:18:01.000Z
38,benavides_marta,1,CoinDesk,2021-05-26T15:16:03.000Z
39,benavides_marta,1,CoinDesk,2021-05-26T15:13:16.000Z
40,Iamwhatyousea,1,CoinDesk,2021-05-26T14:37:44.000Z
41,Dreadpirate7,1,CoinDesk,2021-05-26T14:36:59.000Z
42,Dreadpirate7,1,CoinDesk,2021-05-26T14:33:46.000Z
43,street_bandito,1,CoinDesk,2021-05-26T14:23:21.000Z
44,engenhariatsp,1,CoinDesk,2021-05-26T14:21:56.000Z
45,intrepidrazor,1,CoinDesk,2021-05-26T14:08:56.000Z
46,sokhtanbekheir,1,CoinDesk,2021-05-26T13:59:27.000Z
47,AdeleTruthSkr,1,CoinDesk,2021-05-26T13:55:03.000Z
48,100millionSat,1,CoinDesk,2021-05-26T12:38:30.000Z
49,anil_bihari,1,CoinDesk,2021-05-26T12:35:05.000Z
50,UltraVision100m,1,CoinDesk,2021-05-26T12:23:25.000Z
51,Nufsed007,1,CoinDesk,2021-05-26T12:22:54.000Z
52,SASDASD50545952,1,CoinDesk,2021-05-26T12:21:01.000Z
53,lazier1000,1,CoinDesk,2021-05-26T12:03:42.000Z
54,Elvin841,1,CoinDesk,2021-05-26T11:38:34.000Z
55,KalKianKrish,1,CoinDesk,2021-05-26T11:19:22.000Z
56,TheTr8er,1,CoinDesk,2021-05-26T10:06:25.000Z
57,Beyond_The_Bull,1,CoinDesk,2021-05-26T09:36:44.000Z
58,Mandy93847290,1,CoinDesk,2021-05-26T09:34:09.000Z
59,Savo16207238,1,CoinDesk,2021-05-26T09:28:10.000Z
60,Talayproperty1,1,CoinDesk,2021-05-26T08:59:54.000Z
61,Tr_Tina_ap,1,CoinDesk,2021-05-26T08:46:29.000Z
62,schoolofwock,1,CoinDesk,2021-05-26T08:42:55.000Z
63,GeovannyJG,1,CoinDesk,2021-05-26T08:13:43.000Z
64,100PercentJim,1,CoinDesk,2021-05-26T07:59:24.000Z
65,vizzumchain,1,CoinDesk,2021-05-26T07:24:23.000Z
66,Emmijonez,1,CoinDesk,2021-05-26T07:02:19.000Z
67,MSlayborhood,1,CoinDesk,2021-05-26T06:59:00.000Z
68,gfhayden,1,CoinDesk,2021-05-26T06:15:39.000Z
69,SatNumber,1,CoinDesk,2021-05-26T04:54:27.000Z
70,JasLoud,1,CoinDesk,2021-05-26T04:45:58.000Z
71,PumpIt52503027,1,MeditativeF,2021-05-27T20:48:23.000Z
72,PumpIt52503027,1,MeditativeF,2021-05-27T19:58:19.000Z
73,PumpIt52503027,1,MeditativeF,2021-05-27T19:56:13.000Z
74,PumpIt52503027,1,MeditativeF,2021-05-27T19:42:40.000Z
75,PumpIt52503027,1,MeditativeF,2021-05-26T23:36:04.000Z
76,PumpIt52503027,1,MeditativeF,2021-05-26T22:18:54.000Z
77,PumpIt52503027,1,MeditativeF,2021-05-26T17:51:09.000Z
78,PumpIt52503027,1,MeditativeF,2021-05-26T17:01:33.000Z
79,kolzahn,1,MeditativeF,2021-05-26T11:29:00.000Z
80,PumpIt52503027,1,Debt_Supercycle,2021-05-26T14:34:23.000Z
81,gibby1gibbo,1,innovate_fin,2021-05-26T23:24:30.000Z
82,HoaxSlayer5,1,Vincent68850431,2021-05-26T23:09:09.000Z
83,NiNJah__,1,Vincent68850431,2021-05-26T18:15:09.000Z
84,innovate_fin,1,gibby1gibbo,2021-05-26T22:47:48.000Z
85,NiNJah__,1,gibby1gibbo,2021-05-26T18:19:16.000Z
86,NiNJah__,1,RskMoon,2021-05-26T18:10:53.000Z
87,NiNJah__,1,BankSaxena,2021-05-26T12:34:03.000Z
88,PinkFloydsBTC,1,BankSaxena,2021-05-26T12:05:05.000Z
89,Dreadpirate7,1,Dreadpirate7,2021-05-26T14:35:20.000Z
90,BankSaxena,1,garya816,2021-05-26T14:03:29.000Z
91,K1oaky,1,garya816,2021-05-26T08:27:47.000Z
92,BankSaxena,1,NiNJah__,2021-05-26T12:35:05.000Z
93,BankSaxena,1,PinkFloydsBTC,2021-05-26T12:06:00.000Z
94,BankSaxena,1,PinkFloydsBTC,2021-05-26T10:01:24.000Z
95,garya816,1,K1oaky,2021-05-26T14:01:25.000Z
96,100millionSat,1,ChrisWhodl,2021-05-26T13:01:38.000Z
97,ECOLOGIALIZATE,1,BubbleInvestor,2021-05-26T12:52:23.000Z
98,ChrisWhodl,1,100millionSat,2021-05-26T12:48:20.000Z
99,gfhayden,1,DefiMoon,2021-05-26T06:35:32.000Z
0,aquagoat_farsi,1,BitcoinMagazine,2021-05-26T11:03:48.000Z
1,UFO_ET_craftsDj,1,BitcoinMagazine,2021-05-26T09:50:53.000Z
2,Anubhavkhare7,1,BitcoinMagazine,2021-05-26T08:36:02.000Z
3,afiqazni,1,BitcoinMagazine,2021-05-25T14:01:15.000Z
4,ordo_liberal,1,BitcoinMagazine,2021-05-26T07:24:24.000Z
5,Ara_aha191,1,BitcoinMagazine,2021-05-26T06:39:06.000Z
6,ChillingNandu,1,BitcoinMagazine,2021-05-26T05:48:39.000Z
7,bong_gonggong,1,BitcoinMagazine,2021-05-26T03:55:12.000Z
8,John21231447,1,BitcoinMagazine,2021-05-26T03:47:44.000Z
9,atwin,1,BitcoinMagazine,2021-05-26T01:21:20.000Z
10,evanp901,1,BitcoinMagazine,2021-05-26T00:25:58.000Z
11,jimmulator,1,BitcoinMagazine,2021-05-26T00:00:46.000Z
12,TBoyle1026,1,BitcoinMagazine,2021-05-25T23:54:05.000Z
13,Rai95615141,1,BitcoinMagazine,2021-05-25T23:45:09.000Z
14,LittleFellow001,1,BitcoinMagazine,2021-05-25T16:19:47.000Z
15,L_Michele_Scott,1,BitcoinMagazine,2021-05-25T22:54:35.000Z
16,Maynards73,1,BitcoinMagazine,2021-05-25T22:10:44.000Z
17,Nodes4Life,1,BitcoinMagazine,2021-05-25T21:51:53.000Z
18,JanWues,1,BitcoinMagazine,2021-05-25T21:26:29.000Z
19,annabelle_trade,1,BitcoinMagazine,2021-05-25T21:20:03.000Z
20,CInv63,1,BitcoinMagazine,2021-05-25T20:13:58.000Z
21,KurtWag99630900,1,BitcoinMagazine,2021-05-25T19:21:42.000Z
22,texashunter134,1,BitcoinMagazine,2021-05-25T18:44:15.000Z
23,whyamihere1922,1,BitcoinMagazine,2021-05-25T18:47:42.000Z
24,1st_frontier,1,BitcoinMagazine,2021-05-25T18:28:36.000Z
25,CRYPTOS25300391,1,BitcoinMagazine,2021-05-25T18:18:03.000Z
26,FINWU_FIN_INV,1,BitcoinMagazine,2021-05-25T18:08:09.000Z
27,HODLMeBad,1,BitcoinMagazine,2021-05-25T17:35:19.000Z
28,TimAdamsTim,1,BitcoinMagazine,2021-05-25T17:27:54.000Z
29,58kSatCouncil,1,BitcoinMagazine,2021-05-25T17:19:19.000Z
30,tonyasheets2013,1,BitcoinMagazine,2021-05-25T17:18:29.000Z
31,xluiscm,1,BitcoinMagazine,2021-05-25T16:53:30.000Z
32,boyfrombow,1,BitcoinMagazine,2021-05-25T16:48:51.000Z
33,HassanAesthetic,1,BitcoinMagazine,2021-05-25T16:28:58.000Z
34,flurris5,1,BitcoinMagazine,2021-05-25T16:21:39.000Z
35,Steffen27837816,1,BitcoinMagazine,2021-05-25T16:19:15.000Z
36,yezyurun,1,BitcoinMagazine,2021-05-25T16:03:58.000Z
37,BitNoticQ,1,BitcoinMagazine,2021-05-25T16:00:32.000Z
38,Angelin76348380,1,BitcoinMagazine,2021-05-25T16:00:09.000Z
39,Herbert_Ink,1,BitcoinMagazine,2021-05-25T15:46:13.000Z
40,Us2021A,1,BitcoinMagazine,2021-05-25T15:45:22.000Z
41,commyvi2000,1,BitcoinMagazine,2021-05-25T15:43:51.000Z
42,motomushi,1,BitcoinMagazine,2021-05-25T15:37:45.000Z
43,Noth67525080,1,BitcoinMagazine,2021-05-25T15:33:43.000Z
44,anilkaushik93,1,BitcoinMagazine,2021-05-25T15:29:31.000Z
45,chiefbtc,1,BitcoinMagazine,2021-05-25T15:16:38.000Z
46,Ben_solfin,1,BitcoinMagazine,2021-05-25T14:00:33.000Z
47,0urobro,1,BitcoinMagazine,2021-05-25T15:10:04.000Z
48,christo89012,1,BitcoinMagazine,2021-05-25T15:06:41.000Z
49,ArtYyuuuuu,1,BitcoinMagazine,2021-05-25T15:03:57.000Z
50,H9TEX,1,BitcoinMagazine,2021-05-25T15:02:25.000Z
51,Politic98472326,1,BitcoinMagazine,2021-05-25T15:01:18.000Z
52,SCryptonick,1,BitcoinMagazine,2021-05-25T15:00:11.000Z
53,rcnitropower,1,BitcoinMagazine,2021-05-25T14:59:48.000Z
54,RizwanPakistann,1,BitcoinMagazine,2021-05-25T14:58:45.000Z
55,RizwanPakistann,1,BitcoinMagazine,2021-05-25T14:57:44.000Z
56,Wallstreet46,1,BitcoinMagazine,2021-05-25T14:56:55.000Z
57,CryptoHashRate,1,BitcoinMagazine,2021-05-25T14:47:13.000Z
58,LeonDavid1407,1,BitcoinMagazine,2021-05-25T14:38:37.000Z
59,volkanhayrie,1,BitcoinMagazine,2021-05-25T14:31:04.000Z
60,cryptoinvest07,1,BitcoinMagazine,2021-05-25T14:29:55.000Z
61,eiiviin,1,BitcoinMagazine,2021-05-25T14:19:17.000Z
62,AlexMercer_pr,1,BitcoinMagazine,2021-05-25T14:12:34.000Z
63,officialadenjoy,1,BitcoinMagazine,2021-05-25T14:07:43.000Z
64,bauer_ger,1,BitcoinMagazine,2021-05-25T14:02:46.000Z
65,coinjunky,1,BitcoinMagazine,2021-05-25T14:00:41.000Z
66,Espicious1,1,BitcoinMagazine,2021-05-25T13:59:59.000Z
67,itz_curage,1,BitcoinMagazine,2021-05-25T13:59:23.000Z
68,Stormyy45688590,1,BitcoinMagazine,2021-05-25T13:59:22.000Z
69,investor_4_life,1,BitcoinMagazine,2021-05-25T13:59:14.000Z
70,danny_cryptofay,1,BitcoinMagazine,2021-05-25T13:58:49.000Z
71,D40five,1,BitcoinMagazine,2021-05-25T13:58:44.000Z
72,fxwxb,1,BitcoinMagazine,2021-05-25T13:58:41.000Z
73,ArduousAtaraxis,1,BitcoinMagazine,2021-05-25T13:58:39.000Z
74,Wojciec26827567,1,boyfrombow,2021-05-26T07:57:32.000Z
75,amj_dallas,1,boyfrombow,2021-05-25T22:18:55.000Z
76,afiqazni,1,XiaoYeowYeow,2021-05-26T07:48:35.000Z
77,afiqazni,1,CryptoMakers,2021-05-25T14:59:19.000Z
78,moon2marss,1,John21231447,2021-05-26T03:55:43.000Z
79,LittleFellow001,1,Nottenham,2021-05-25T23:29:11.000Z
80,Big_Brother_Au,1,SeanBTCx,2021-05-25T22:48:45.000Z
81,Big_Brother_Au,1,SeanBTCx,2021-05-25T22:43:47.000Z
82,Big_Brother_Au,1,danny_cryptofay,2021-05-25T14:15:25.000Z
83,SeanBTCx,1,Big_Brother_Au,2021-05-25T22:44:54.000Z
84,SeanBTCx,1,Big_Brother_Au,2021-05-25T16:21:19.000Z
85,congeepool,1,Big_Brother_Au,2021-05-25T14:26:11.000Z
86,matikwin,1,coinjunky,2021-05-25T20:25:21.000Z
87,XiaoYeowYeow,1,afiqazni,2021-05-25T20:23:17.000Z
88,CryptoMakers,1,afiqazni,2021-05-25T14:47:00.000Z
89,Nottenham,1,LittleFellow001,2021-05-25T19:38:38.000Z
90,texashunter134,1,Us2021A,2021-05-25T18:50:05.000Z
91,solodox,1,congeepool,2021-05-25T17:01:37.000Z
92,willhenson1115,1,salmansheikh09,2021-05-25T15:25:06.000Z
93,Ben_solfin,1,aTikTokLover,2021-05-25T15:10:48.000Z
94,Ben_solfin,1,aTikTokLover,2021-05-25T15:04:53.000Z
95,Ben_solfin,1,Ben_solfin,2021-05-25T14:21:39.000Z
96,aTikTokLover,1,Ben_solfin,2021-05-25T15:06:50.000Z
97,aTikTokLover,1,Ben_solfin,2021-05-25T14:58:51.000Z
98,aTikTokLover,1,eiiviin,2021-05-25T14:59:36.000Z
0,Stella10558,1,culkin22,2021-05-27T18:17:22.000Z
0,TheMinerNetwork,1,Reuters,2021-05-25T20:46:45.000Z
1,LozJunglist,1,Reuters,2021-05-25T12:42:19.000Z
2,LozJunglist,1,larryumolo,2021-05-25T12:40:29.000Z
3,palamux,1,xenzor1,2021-05-25T08:54:06.000Z
4,palamux,1,xenzor1,2021-05-25T07:55:50.000Z
5,xenzor1,1,palamux,2021-05-25T08:38:44.000Z
0,a1111ac011d0,1,Dayreamer,2021-05-30T02:48:27.000Z
1,elephants_what,1,AlanaNienow,2021-05-25T07:26:37.000Z
2,elephants_what,1,LittleFellow001,2021-05-25T07:25:08.000Z
3,elephants_what,1,mercyJennifer12,2021-05-25T07:23:41.000Z
4,elephants_what,1,Macdog43032188,2021-05-25T07:21:54.000Z
5,elephants_what,1,DavisRa78260873,2021-05-25T07:20:13.000Z
6,elephants_what,1,SaSam50,2021-05-25T07:18:03.000Z
7,Sirin57459855,1,nytimes,2021-05-25T02:55:52.000Z
8,AlanaNienow,1,nytimes,2021-05-25T02:18:20.000Z
9,overseermg,1,nytimes,2021-05-24T23:58:44.000Z
10,ElTuco35138119,1,nytimes,2021-05-24T22:15:59.000Z
11,rr_ank,1,nytimes,2021-05-24T21:49:06.000Z
12,WittGall,1,nytimes,2021-05-24T21:46:07.000Z
13,nadasawalmeh93,1,nytimes,2021-05-24T21:31:54.000Z
