tweet_id,user_id,user_name,tweet_json
1398927198430674944,2260491445,CoinMarketCap,"{'created_at': 'Sun May 30 09:00:09 +0000 2021', 'id': 1398927198430674944, 'id_str': '1398927198430674944', 'text': '24,521,824,423 ELON up for grabs in Dogelon Mars Airdrop!\n\n12 hours to go! ü§©  \n\n#CoinMarketCap #Crypto‚Ä¶ https://t.co/DEPGF6TZJo', 'truncated': True, 'entities': {'hashtags': [{'text': 'CoinMarketCap', 'indices': [80, 94]}, {'text': 'Crypto', 'indices': [95, 102]}], 'symbols': [], 'user_mentions': [], 'urls': [{'url': 'https://t.co/DEPGF6TZJo', 'expanded_url': 'https://twitter.com/i/web/status/1398927198430674944', 'display_url': 'twitter.com/i/web/status/1‚Ä¶', 'indices': [104, 127]}]}, 'metadata': {'result_type': 'popular', 'iso_language_code': 'en'}, 'source': '<a href=""https://sproutsocial.com"" rel=""nofollow"">Sprout Social</a>', 'in_reply_to_status_id': None, 'in_reply_to_status_id_str': None, 'in_reply_to_user_id': None, 'in_reply_to_user_id_str': None, 'in_reply_to_screen_name': None, 'user': {'id': 2260491445, 'id_str': '2260491445', 'name': 'CoinMarketCap', 'screen_name': 'CoinMarketCap', 'location': '', 'description': 'Showcasing the crypto revolution to 200M+ monthly visitors (SimilarWeb March 2021 data)! Learn about crypto here: https://t.co/fJ6p40KWxW', 'url': 'https://t.co/35ruJfCu98', 'entities': {'url': {'urls': [{'url': 'https://t.co/35ruJfCu98', 'expanded_url': 'https://coinmarketcap.com', 'display_url': 'coinmarketcap.com', 'indices': [0, 23]}]}, 'description': {'urls': [{'url': 'https://t.co/fJ6p40KWxW', 'expanded_url': 'http://coinmarketcap.com', 'display_url': 'coinmarketcap.com', 'indices': [114, 137]}]}}, 'protected': False, 'followers_count': 1813832, 'friends_count': 1919, 'listed_count': 8640, 'created_at': 'Tue Dec 24 16:50:12 +0000 2013', 'favourites_count': 4748, 'utc_offset': None, 'time_zone': None, 'geo_enabled': False, 'verified': True, 'statuses_count': 12973, 'lang': None, 'contributors_enabled': False, 'is_translator': False, 'is_translation_enabled': False, 'profile_background_color': 'C0DEED', 'profile_background_image_url': 'http://abs.twimg.com/images/themes/theme1/bg.png', 'profile_background_image_url_https': 'https://abs.twimg.com/images/themes/theme1/bg.png', 'profile_background_tile': False, 'profile_image_url': 'http://pbs.twimg.com/profile_images/1346096148604456960/KKA0ct5i_normal.jpg', 'profile_image_url_https': 'https://pbs.twimg.com/profile_images/1346096148604456960/KKA0ct5i_normal.jpg', 'profile_banner_url': 'https://pbs.twimg.com/profile_banners/2260491445/1609769326', 'profile_link_color': '1DA1F2', 'profile_sidebar_border_color': 'C0DEED', 'profile_sidebar_fill_color': 'DDEEF6', 'profile_text_color': '333333', 'profile_use_background_image': True, 'has_extended_profile': False, 'default_profile': True, 'default_profile_image': False, 'following': False, 'follow_request_sent': False, 'notifications': False, 'translator_type': 'none', 'withheld_in_countries': []}, 'geo': None, 'coordinates': None, 'place': None, 'contributors': None, 'is_quote_status': False, 'retweet_count': 3049, 'favorite_count': 4464, 'favorited': False, 'retweeted': False, 'possibly_sensitive': False, 'lang': 'en'}"
1399151521003147270,2260491445,CoinMarketCap,"{'created_at': 'Sun May 30 23:51:32 +0000 2021', 'id': 1399151521003147270, 'id_str': '1399151521003147270', 'text': ""So what's your take - PoS or PoW?\n\n#CoinMarketCap #Crypto #Cryptocurrency #Bitcoin #Altcoin #DeFi #Ethereum\n\nhttps://t.co/bDXiOAQ4Iy"", 'truncated': False, 'entities': {'hashtags': [{'text': 'CoinMarketCap', 'indices': [35, 49]}, {'text': 'Crypto', 'indices': [50, 57]}, {'text': 'Cryptocurrency', 'indices': [58, 73]}, {'text': 'Bitcoin', 'indices': [74, 82]}, {'text': 'Altcoin', 'indices': [83, 91]}, {'text': 'DeFi', 'indices': [92, 97]}, {'text': 'Ethereum', 'indices': [98, 107]}], 'symbols': [], 'user_mentions': [], 'urls': [{'url': 'https://t.co/bDXiOAQ4Iy', 'expanded_url': 'https://coinmarketcap.com/alexandria/article/proof-of-work-vs-proof-of-stake', 'display_url': 'coinmarketcap.com/alexandria/art‚Ä¶', 'indices': [109, 132]}]}, 'metadata': {'result_type': 'popular', 'iso_language_code': 'en'}, 'source': '<a href=""https://sproutsocial.com"" rel=""nofollow"">Sprout Social</a>', 'in_reply_to_status_id': None, 'in_reply_to_status_id_str': None, 'in_reply_to_user_id': None, 'in_reply_to_user_id_str': None, 'in_reply_to_screen_name': None, 'user': {'id': 2260491445, 'id_str': '2260491445', 'name': 'CoinMarketCap', 'screen_name': 'CoinMarketCap', 'location': '', 'description': 'Showcasing the crypto revolution to 200M+ monthly visitors (SimilarWeb March 2021 data)! Learn about crypto here: https://t.co/fJ6p40KWxW', 'url': 'https://t.co/35ruJfCu98', 'entities': {'url': {'urls': [{'url': 'https://t.co/35ruJfCu98', 'expanded_url': 'https://coinmarketcap.com', 'display_url': 'coinmarketcap.com', 'indices': [0, 23]}]}, 'description': {'urls': [{'url': 'https://t.co/fJ6p40KWxW', 'expanded_url': 'http://coinmarketcap.com', 'display_url': 'coinmarketcap.com', 'indices': [114, 137]}]}}, 'protected': False, 'followers_count': 1813832, 'friends_count': 1919, 'listed_count': 8640, 'created_at': 'Tue Dec 24 16:50:12 +0000 2013', 'favourites_count': 4748, 'utc_offset': None, 'time_zone': None, 'geo_enabled': False, 'verified': True, 'statuses_count': 12973, 'lang': None, 'contributors_enabled': False, 'is_translator': False, 'is_translation_enabled': False, 'profile_background_color': 'C0DEED', 'profile_background_image_url': 'http://abs.twimg.com/images/themes/theme1/bg.png', 'profile_background_image_url_https': 'https://abs.twimg.com/images/themes/theme1/bg.png', 'profile_background_tile': False, 'profile_image_url': 'http://pbs.twimg.com/profile_images/1346096148604456960/KKA0ct5i_normal.jpg', 'profile_image_url_https': 'https://pbs.twimg.com/profile_images/1346096148604456960/KKA0ct5i_normal.jpg', 'profile_banner_url': 'https://pbs.twimg.com/profile_banners/2260491445/1609769326', 'profile_link_color': '1DA1F2', 'profile_sidebar_border_color': 'C0DEED', 'profile_sidebar_fill_color': 'DDEEF6', 'profile_text_color': '333333', 'profile_use_background_image': True, 'has_extended_profile': False, 'default_profile': True, 'default_profile_image': False, 'following': False, 'follow_request_sent': False, 'notifications': False, 'translator_type': 'none', 'withheld_in_countries': []}, 'geo': None, 'coordinates': None, 'place': None, 'contributors': None, 'is_quote_status': False, 'retweet_count': 1382, 'favorite_count': 1907, 'favorited': False, 'retweeted': False, 'possibly_sensitive': False, 'lang': 'en'}"
1398869640600866821,2260491445,CoinMarketCap,"{'created_at': 'Sun May 30 05:11:26 +0000 2021', 'id': 1398869640600866821, 'id_str': '1398869640600866821', 'text': 'Up uP and Away!\n\n#CoinMarketCap #Crypto #Cryptocurrency #Bitcoin #Altcoin #DeFi #Ethereum #SUN #LPT #TFUEL #OGN‚Ä¶ https://t.co/bm1RV2LlXR', 'truncated': True, 'entities': {'hashtags': [{'text': 'CoinMarketCap', 'indices': [17, 31]}, {'text': 'Crypto', 'indices': [32, 39]}, {'text': 'Cryptocurrency', 'indices': [40, 55]}, {'text': 'Bitcoin', 'indices': [56, 64]}, {'text': 'Altcoin', 'indices': [65, 73]}, {'text': 'DeFi', 'indices': [74, 79]}, {'text': 'Ethereum', 'indices': [80, 89]}, {'text': 'SUN', 'indices': [90, 94]}, {'text': 'LPT', 'indices': [95, 99]}, {'text': 'TFUEL', 'indices': [100, 106]}, {'text': 'OGN', 'indices': [107, 111]}], 'symbols': [], 'user_mentions': [], 'urls': [{'url': 'https://t.co/bm1RV2LlXR', 'expanded_url': 'https://twitter.com/i/web/status/1398869640600866821', 'display_url': 'twitter.com/i/web/status/1‚Ä¶', 'indices': [113, 136]}]}, 'metadata': {'result_type': 'popular', 'iso_language_code': 'en'}, 'source': '<a href=""https://sproutsocial.com"" rel=""nofollow"">Sprout Social</a>', 'in_reply_to_status_id': None, 'in_reply_to_status_id_str': None, 'in_reply_to_user_id': None, 'in_reply_to_user_id_str': None, 'in_reply_to_screen_name': None, 'user': {'id': 2260491445, 'id_str': '2260491445', 'name': 'CoinMarketCap', 'screen_name': 'CoinMarketCap', 'location': '', 'description': 'Showcasing the crypto revolution to 200M+ monthly visitors (SimilarWeb March 2021 data)! Learn about crypto here: https://t.co/fJ6p40KWxW', 'url': 'https://t.co/35ruJfCu98', 'entities': {'url': {'urls': [{'url': 'https://t.co/35ruJfCu98', 'expanded_url': 'https://coinmarketcap.com', 'display_url': 'coinmarketcap.com', 'indices': [0, 23]}]}, 'description': {'urls': [{'url': 'https://t.co/fJ6p40KWxW', 'expanded_url': 'http://coinmarketcap.com', 'display_url': 'coinmarketcap.com', 'indices': [114, 137]}]}}, 'protected': False, 'followers_count': 1813832, 'friends_count': 1919, 'listed_count': 8640, 'created_at': 'Tue Dec 24 16:50:12 +0000 2013', 'favourites_count': 4748, 'utc_offset': None, 'time_zone': None, 'geo_enabled': False, 'verified': True, 'statuses_count': 12973, 'lang': None, 'contributors_enabled': False, 'is_translator': False, 'is_translation_enabled': False, 'profile_background_color': 'C0DEED', 'profile_background_image_url': 'http://abs.twimg.com/images/themes/theme1/bg.png', 'profile_background_image_url_https': 'https://abs.twimg.com/images/themes/theme1/bg.png', 'profile_background_tile': False, 'profile_image_url': 'http://pbs.twimg.com/profile_images/1346096148604456960/KKA0ct5i_normal.jpg', 'profile_image_url_https': 'https://pbs.twimg.com/profile_images/1346096148604456960/KKA0ct5i_normal.jpg', 'profile_banner_url': 'https://pbs.twimg.com/profile_banners/2260491445/1609769326', 'profile_link_color': '1DA1F2', 'profile_sidebar_border_color': 'C0DEED', 'profile_sidebar_fill_color': 'DDEEF6', 'profile_text_color': '333333', 'profile_use_background_image': True, 'has_extended_profile': False, 'default_profile': True, 'default_profile_image': False, 'following': False, 'follow_request_sent': False, 'notifications': False, 'translator_type': 'none', 'withheld_in_countries': []}, 'geo': None, 'coordinates': None, 'place': None, 'contributors': None, 'is_quote_status': False, 'retweet_count': 746, 'favorite_count': 1590, 'favorited': False, 'retweeted': False, 'possibly_sensitive': False, 'lang': 'en'}"
1399388343079686147,3367334171,BTCTN,"{'created_at': 'Mon May 31 15:32:35 +0000 2021', 'id': 1399388343079686147, 'id_str': '1399388343079686147', 'text': 'RBI tells banks the #crypto banking ban ""is no longer valid from the date of the Supreme Court judgement, and there‚Ä¶ https://t.co/o58cUn3p4R', 'truncated': True, 'entities': {'hashtags': [{'text': 'crypto', 'indices': [20, 27]}], 'symbols': [], 'user_mentions': [], 'urls': [{'url': 'https://t.co/o58cUn3p4R', 'expanded_url': 'https://twitter.com/i/web/status/1399388343079686147', 'display_url': 'twitter.com/i/web/status/1‚Ä¶', 'indices': [117, 140]}]}, 'metadata': {'result_type': 'popular', 'iso_language_code': 'en'}, 'source': '<a href=""https://zapier.com/"" rel=""nofollow"">Zapier.com</a>', 'in_reply_to_status_id': None, 'in_reply_to_status_id_str': None, 'in_reply_to_user_id': None, 'in_reply_to_user_id_str': None, 'in_reply_to_screen_name': None, 'user': {'id': 3367334171, 'id_str': '3367334171', 'name': 'Bitcoin News', 'screen_name': 'BTCTN', 'location': 'World Wide', 'description': 'Official Twitter account for https://t.co/Y3Sm6N0oR5. Follow us for all the latest Bitcoin news and services! Follow @bitcoincom for all https://t.co/5vSQA17h1m updates.', 'url': 'https://t.co/oZCuHV2ZwX', 'entities': {'url': {'urls': [{'url': 'https://t.co/oZCuHV2ZwX', 'expanded_url': 'http://www.Bitcoin.com', 'display_url': 'Bitcoin.com', 'indices': [0, 23]}]}, 'description': {'urls': [{'url': 'https://t.co/Y3Sm6N0oR5', 'expanded_url': 'http://news.bitcoin.com', 'display_url': 'news.bitcoin.com', 'indices': [29, 52]}, {'url': 'https://t.co/5vSQA17h1m', 'expanded_url': 'http://bitcoin.com', 'display_url': 'bitcoin.com', 'indices': [137, 160]}]}}, 'protected': False, 'followers_count': 1330115, 'friends_count': 927, 'listed_count': 7088, 'created_at': 'Thu Jul 09 08:58:22 +0000 2015', 'favourites_count': 10092, 'utc_offset': None, 'time_zone': None, 'geo_enabled': True, 'verified': True, 'statuses_count': 19490, 'lang': None, 'contributors_enabled': False, 'is_translator': False, 'is_translation_enabled': False, 'profile_background_color': '000000', 'profile_background_image_url': 'http://abs.twimg.com/images/themes/theme1/bg.png', 'profile_background_image_url_https': 'https://abs.twimg.com/images/themes/theme1/bg.png', 'profile_background_tile': False, 'profile_image_url': 'http://pbs.twimg.com/profile_images/1140965421908144128/_80iSgFS_normal.png', 'profile_image_url_https': 'https://pbs.twimg.com/profile_images/1140965421908144128/_80iSgFS_normal.png', 'profile_banner_url': 'https://pbs.twimg.com/profile_banners/3367334171/1560756921', 'profile_link_color': '0AC18E', 'profile_sidebar_border_color': '000000', 'profile_sidebar_fill_color': '000000', 'profile_text_color': '000000', 'profile_use_background_image': False, 'has_extended_profile': False, 'default_profile': False, 'default_profile_image': False, 'following': False, 'follow_request_sent': False, 'notifications': False, 'translator_type': 'none', 'withheld_in_countries': []}, 'geo': None, 'coordinates': None, 'place': None, 'contributors': None, 'is_quote_status': False, 'retweet_count': 128, 'favorite_count': 469, 'favorited': False, 'retweeted': False, 'possibly_sensitive': False, 'lang': 'en'}"
1398844392987893760,3367334171,BTCTN,"{'created_at': 'Sun May 30 03:31:07 +0000 2021', 'id': 1398844392987893760, 'id_str': '1398844392987893760', 'text': '""When #bitcoin used to go up, I‚Äôd go crazy because I didn‚Äôt own it. When #dogecoin goes up, I just start laughing,""‚Ä¶ https://t.co/dyJvVQXCgN', 'truncated': True, 'entities': {'hashtags': [{'text': 'bitcoin', 'indices': [6, 14]}, {'text': 'dogecoin', 'indices': [73, 82]}], 'symbols': [], 'user_mentions': [], 'urls': [{'url': 'https://t.co/dyJvVQXCgN', 'expanded_url': 'https://twitter.com/i/web/status/1398844392987893760', 'display_url': 'twitter.com/i/web/status/1‚Ä¶', 'indices': [117, 140]}]}, 'metadata': {'result_type': 'popular', 'iso_language_code': 'en'}, 'source': '<a href=""https://zapier.com/"" rel=""nofollow"">Zapier.com</a>', 'in_reply_to_status_id': None, 'in_reply_to_status_id_str': None, 'in_reply_to_user_id': None, 'in_reply_to_user_id_str': None, 'in_reply_to_screen_name': None, 'user': {'id': 3367334171, 'id_str': '3367334171', 'name': 'Bitcoin News', 'screen_name': 'BTCTN', 'location': 'World Wide', 'description': 'Official Twitter account for https://t.co/Y3Sm6N0oR5. Follow us for all the latest Bitcoin news and services! Follow @bitcoincom for all https://t.co/5vSQA17h1m updates.', 'url': 'https://t.co/oZCuHV2ZwX', 'entities': {'url': {'urls': [{'url': 'https://t.co/oZCuHV2ZwX', 'expanded_url': 'http://www.Bitcoin.com', 'display_url': 'Bitcoin.com', 'indices': [0, 23]}]}, 'description': {'urls': [{'url': 'https://t.co/Y3Sm6N0oR5', 'expanded_url': 'http://news.bitcoin.com', 'display_url': 'news.bitcoin.com', 'indices': [29, 52]}, {'url': 'https://t.co/5vSQA17h1m', 'expanded_url': 'http://bitcoin.com', 'display_url': 'bitcoin.com', 'indices': [137, 160]}]}}, 'protected': False, 'followers_count': 1330115, 'friends_count': 927, 'listed_count': 7088, 'created_at': 'Thu Jul 09 08:58:22 +0000 2015', 'favourites_count': 10092, 'utc_offset': None, 'time_zone': None, 'geo_enabled': True, 'verified': True, 'statuses_count': 19490, 'lang': None, 'contributors_enabled': False, 'is_translator': False, 'is_translation_enabled': False, 'profile_background_color': '000000', 'profile_background_image_url': 'http://abs.twimg.com/images/themes/theme1/bg.png', 'profile_background_image_url_https': 'https://abs.twimg.com/images/themes/theme1/bg.png', 'profile_background_tile': False, 'profile_image_url': 'http://pbs.twimg.com/profile_images/1140965421908144128/_80iSgFS_normal.png', 'profile_image_url_https': 'https://pbs.twimg.com/profile_images/1140965421908144128/_80iSgFS_normal.png', 'profile_banner_url': 'https://pbs.twimg.com/profile_banners/3367334171/1560756921', 'profile_link_color': '0AC18E', 'profile_sidebar_border_color': '000000', 'profile_sidebar_fill_color': '000000', 'profile_text_color': '000000', 'profile_use_background_image': False, 'has_extended_profile': False, 'default_profile': False, 'default_profile_image': False, 'following': False, 'follow_request_sent': False, 'notifications': False, 'translator_type': 'none', 'withheld_in_countries': []}, 'geo': None, 'coordinates': None, 'place': None, 'contributors': None, 'is_quote_status': False, 'retweet_count': 108, 'favorite_count': 564, 'favorited': False, 'retweeted': False, 'possibly_sensitive': False, 'lang': 'en'}"
1399033267278553089,3367334171,BTCTN,"{'created_at': 'Sun May 30 16:01:38 +0000 2021', 'id': 1399033267278553089, 'id_str': '1399033267278553089', 'text': '""I write today with concern about the risks taken by ordinary investors and the significant potential for scams rel‚Ä¶ https://t.co/1VGFbbM8qW', 'truncated': True, 'entities': {'hashtags': [], 'symbols': [], 'user_mentions': [], 'urls': [{'url': 'https://t.co/1VGFbbM8qW', 'expanded_url': 'https://twitter.com/i/web/status/1399033267278553089', 'display_url': 'twitter.com/i/web/status/1‚Ä¶', 'indices': [117, 140]}]}, 'metadata': {'result_type': 'popular', 'iso_language_code': 'en'}, 'source': '<a href=""https://zapier.com/"" rel=""nofollow"">Zapier.com</a>', 'in_reply_to_status_id': None, 'in_reply_to_status_id_str': None, 'in_reply_to_user_id': None, 'in_reply_to_user_id_str': None, 'in_reply_to_screen_name': None, 'user': {'id': 3367334171, 'id_str': '3367334171', 'name': 'Bitcoin News', 'screen_name': 'BTCTN', 'location': 'World Wide', 'description': 'Official Twitter account for https://t.co/Y3Sm6N0oR5. Follow us for all the latest Bitcoin news and services! Follow @bitcoincom for all https://t.co/5vSQA17h1m updates.', 'url': 'https://t.co/oZCuHV2ZwX', 'entities': {'url': {'urls': [{'url': 'https://t.co/oZCuHV2ZwX', 'expanded_url': 'http://www.Bitcoin.com', 'display_url': 'Bitcoin.com', 'indices': [0, 23]}]}, 'description': {'urls': [{'url': 'https://t.co/Y3Sm6N0oR5', 'expanded_url': 'http://news.bitcoin.com', 'display_url': 'news.bitcoin.com', 'indices': [29, 52]}, {'url': 'https://t.co/5vSQA17h1m', 'expanded_url': 'http://bitcoin.com', 'display_url': 'bitcoin.com', 'indices': [137, 160]}]}}, 'protected': False, 'followers_count': 1330115, 'friends_count': 927, 'listed_count': 7088, 'created_at': 'Thu Jul 09 08:58:22 +0000 2015', 'favourites_count': 10092, 'utc_offset': None, 'time_zone': None, 'geo_enabled': True, 'verified': True, 'statuses_count': 19490, 'lang': None, 'contributors_enabled': False, 'is_translator': False, 'is_translation_enabled': False, 'profile_background_color': '000000', 'profile_background_image_url': 'http://abs.twimg.com/images/themes/theme1/bg.png', 'profile_background_image_url_https': 'https://abs.twimg.com/images/themes/theme1/bg.png', 'profile_background_tile': False, 'profile_image_url': 'http://pbs.twimg.com/profile_images/1140965421908144128/_80iSgFS_normal.png', 'profile_image_url_https': 'https://pbs.twimg.com/profile_images/1140965421908144128/_80iSgFS_normal.png', 'profile_banner_url': 'https://pbs.twimg.com/profile_banners/3367334171/1560756921', 'profile_link_color': '0AC18E', 'profile_sidebar_border_color': '000000', 'profile_sidebar_fill_color': '000000', 'profile_text_color': '000000', 'profile_use_background_image': False, 'has_extended_profile': False, 'default_profile': False, 'default_profile_image': False, 'following': False, 'follow_request_sent': False, 'notifications': False, 'translator_type': 'none', 'withheld_in_countries': []}, 'geo': None, 'coordinates': None, 'place': None, 'contributors': None, 'is_quote_status': False, 'retweet_count': 69, 'favorite_count': 221, 'favorited': False, 'retweeted': False, 'possibly_sensitive': False, 'lang': 'en'}"
1399170265934925824,246560945,ayanaeliza,"{'created_at': 'Mon May 31 01:06:01 +0000 2021', 'id': 1399170265934925824, 'id_str': '1399170265934925824', 'text': '""Andrew Yang, the former Presidential candidate who‚Äôs now running for mayor of New York City, has said that he want‚Ä¶ https://t.co/knpBQwJHI4', 'truncated': True, 'entities': {'hashtags': [], 'symbols': [], 'user_mentions': [], 'urls': [{'url': 'https://t.co/knpBQwJHI4', 'expanded_url': 'https://twitter.com/i/web/status/1399170265934925824', 'display_url': 'twitter.com/i/web/status/1‚Ä¶', 'indices': [117, 140]}]}, 'metadata': {'result_type': 'popular', 'iso_language_code': 'en'}, 'source': '<a href=""https://mobile.twitter.com"" rel=""nofollow"">Twitter Web App</a>', 'in_reply_to_status_id': None, 'in_reply_to_status_id_str': None, 'in_reply_to_user_id': None, 'in_reply_to_user_id_str': None, 'in_reply_to_screen_name': None, 'user': {'id': 246560945, 'id_str': '246560945', 'name': 'Dr. Ayana Elizabeth Johnson üêô', 'screen_name': 'ayanaeliza', 'location': 'Brooklyn', 'description': 'Marine biologist, policy nerd, Brooklyn native. Co-founder @UrbanOceanLab. Co-creator/co-host @how2saveaplanet. Co-editor @AllWeCanSave ‚Äî link to order!üëáüèΩ', 'url': 'https://t.co/0wQKQKb8UU', 'entities': {'url': {'urls': [{'url': 'https://t.co/0wQKQKb8UU', 'expanded_url': 'http://allwecansave.earth/anthology', 'display_url': 'allwecansave.earth/anthology', 'indices': [0, 23]}]}, 'description': {'urls': []}}, 'protected': False, 'followers_count': 77387, 'friends_count': 499, 'listed_count': 1442, 'created_at': 'Thu Feb 03 00:52:26 +0000 2011', 'favourites_count': 373, 'utc_offset': None, 'time_zone': None, 'geo_enabled': False, 'verified': True, 'statuses_count': 298, 'lang': None, 'contributors_enabled': False, 'is_translator': False, 'is_translation_enabled': False, 'profile_background_color': '60ADC9', 'profile_background_image_url': 'http://abs.twimg.com/images/themes/theme15/bg.png', 'profile_background_image_url_https': 'https://abs.twimg.com/images/themes/theme15/bg.png', 'profile_background_tile': False, 'profile_image_url': 'http://pbs.twimg.com/profile_images/1358845237670649859/6I76b3yS_normal.jpg', 'profile_image_url_https': 'https://pbs.twimg.com/profile_images/1358845237670649859/6I76b3yS_normal.jpg', 'profile_banner_url': 'https://pbs.twimg.com/profile_banners/246560945/1576442814', 'profile_link_color': '0084B4', 'profile_sidebar_border_color': 'FFFFFF', 'profile_sidebar_fill_color': 'C0DFEC', 'profile_text_color': '333333', 'profile_use_background_image': True, 'has_extended_profile': True, 'default_profile': False, 'default_profile_image': False, 'following': False, 'follow_request_sent': False, 'notifications': False, 'translator_type': 'none', 'withheld_in_countries': []}, 'geo': None, 'coordinates': None, 'place': None, 'contributors': None, 'is_quote_status': False, 'retweet_count': 49, 'favorite_count': 282, 'favorited': False, 'retweeted': False, 'possibly_sensitive': False, 'lang': 'en'}"
1398784449287004160,3367334171,BTCTN,"{'created_at': 'Sat May 29 23:32:55 +0000 2021', 'id': 1398784449287004160, 'id_str': '1398784449287004160', 'text': '""We do not lend against #cryptocurrencies and do not bank companies whose primary business is cryptocurrency or the‚Ä¶ https://t.co/pnDHlQOe10', 'truncated': True, 'entities': {'hashtags': [{'text': 'cryptocurrencies', 'indices': [24, 41]}], 'symbols': [], 'user_mentions': [], 'urls': [{'url': 'https://t.co/pnDHlQOe10', 'expanded_url': 'https://twitter.com/i/web/status/1398784449287004160', 'display_url': 'twitter.com/i/web/status/1‚Ä¶', 'indices': [117, 140]}]}, 'metadata': {'result_type': 'popular', 'iso_language_code': 'en'}, 'source': '<a href=""https://zapier.com/"" rel=""nofollow"">Zapier.com</a>', 'in_reply_to_status_id': None, 'in_reply_to_status_id_str': None, 'in_reply_to_user_id': None, 'in_reply_to_user_id_str': None, 'in_reply_to_screen_name': None, 'user': {'id': 3367334171, 'id_str': '3367334171', 'name': 'Bitcoin News', 'screen_name': 'BTCTN', 'location': 'World Wide', 'description': 'Official Twitter account for https://t.co/Y3Sm6N0oR5. Follow us for all the latest Bitcoin news and services! Follow @bitcoincom for all https://t.co/5vSQA17h1m updates.', 'url': 'https://t.co/oZCuHV2ZwX', 'entities': {'url': {'urls': [{'url': 'https://t.co/oZCuHV2ZwX', 'expanded_url': 'http://www.Bitcoin.com', 'display_url': 'Bitcoin.com', 'indices': [0, 23]}]}, 'description': {'urls': [{'url': 'https://t.co/Y3Sm6N0oR5', 'expanded_url': 'http://news.bitcoin.com', 'display_url': 'news.bitcoin.com', 'indices': [29, 52]}, {'url': 'https://t.co/5vSQA17h1m', 'expanded_url': 'http://bitcoin.com', 'display_url': 'bitcoin.com', 'indices': [137, 160]}]}}, 'protected': False, 'followers_count': 1330115, 'friends_count': 927, 'listed_count': 7088, 'created_at': 'Thu Jul 09 08:58:22 +0000 2015', 'favourites_count': 10092, 'utc_offset': None, 'time_zone': None, 'geo_enabled': True, 'verified': True, 'statuses_count': 19490, 'lang': None, 'contributors_enabled': False, 'is_translator': False, 'is_translation_enabled': False, 'profile_background_color': '000000', 'profile_background_image_url': 'http://abs.twimg.com/images/themes/theme1/bg.png', 'profile_background_image_url_https': 'https://abs.twimg.com/images/themes/theme1/bg.png', 'profile_background_tile': False, 'profile_image_url': 'http://pbs.twimg.com/profile_images/1140965421908144128/_80iSgFS_normal.png', 'profile_image_url_https': 'https://pbs.twimg.com/profile_images/1140965421908144128/_80iSgFS_normal.png', 'profile_banner_url': 'https://pbs.twimg.com/profile_banners/3367334171/1560756921', 'profile_link_color': '0AC18E', 'profile_sidebar_border_color': '000000', 'profile_sidebar_fill_color': '000000', 'profile_text_color': '000000', 'profile_use_background_image': False, 'has_extended_profile': False, 'default_profile': False, 'default_profile_image': False, 'following': False, 'follow_request_sent': False, 'notifications': False, 'translator_type': 'none', 'withheld_in_countries': []}, 'geo': None, 'coordinates': None, 'place': None, 'contributors': None, 'is_quote_status': False, 'retweet_count': 51, 'favorite_count': 190, 'favorited': False, 'retweeted': False, 'possibly_sensitive': False, 'lang': 'en'}"
1398814572430168067,3367334171,BTCTN,"{'created_at': 'Sun May 30 01:32:37 +0000 2021', 'id': 1398814572430168067, 'id_str': '1398814572430168067', 'text': '""My own personal advice to people is stay away from it. That does not mean the clients don\'t want it,"" said JPMorga‚Ä¶ https://t.co/0eQrCgFKcc', 'truncated': True, 'entities': {'hashtags': [], 'symbols': [], 'user_mentions': [], 'urls': [{'url': 'https://t.co/0eQrCgFKcc', 'expanded_url': 'https://twitter.com/i/web/status/1398814572430168067', 'display_url': 'twitter.com/i/web/status/1‚Ä¶', 'indices': [117, 140]}]}, 'metadata': {'result_type': 'popular', 'iso_language_code': 'en'}, 'source': '<a href=""https://zapier.com/"" rel=""nofollow"">Zapier.com</a>', 'in_reply_to_status_id': None, 'in_reply_to_status_id_str': None, 'in_reply_to_user_id': None, 'in_reply_to_user_id_str': None, 'in_reply_to_screen_name': None, 'user': {'id': 3367334171, 'id_str': '3367334171', 'name': 'Bitcoin News', 'screen_name': 'BTCTN', 'location': 'World Wide', 'description': 'Official Twitter account for https://t.co/Y3Sm6N0oR5. Follow us for all the latest Bitcoin news and services! Follow @bitcoincom for all https://t.co/5vSQA17h1m updates.', 'url': 'https://t.co/oZCuHV2ZwX', 'entities': {'url': {'urls': [{'url': 'https://t.co/oZCuHV2ZwX', 'expanded_url': 'http://www.Bitcoin.com', 'display_url': 'Bitcoin.com', 'indices': [0, 23]}]}, 'description': {'urls': [{'url': 'https://t.co/Y3Sm6N0oR5', 'expanded_url': 'http://news.bitcoin.com', 'display_url': 'news.bitcoin.com', 'indices': [29, 52]}, {'url': 'https://t.co/5vSQA17h1m', 'expanded_url': 'http://bitcoin.com', 'display_url': 'bitcoin.com', 'indices': [137, 160]}]}}, 'protected': False, 'followers_count': 1330115, 'friends_count': 927, 'listed_count': 7088, 'created_at': 'Thu Jul 09 08:58:22 +0000 2015', 'favourites_count': 10092, 'utc_offset': None, 'time_zone': None, 'geo_enabled': True, 'verified': True, 'statuses_count': 19490, 'lang': None, 'contributors_enabled': False, 'is_translator': False, 'is_translation_enabled': False, 'profile_background_color': '000000', 'profile_background_image_url': 'http://abs.twimg.com/images/themes/theme1/bg.png', 'profile_background_image_url_https': 'https://abs.twimg.com/images/themes/theme1/bg.png', 'profile_background_tile': False, 'profile_image_url': 'http://pbs.twimg.com/profile_images/1140965421908144128/_80iSgFS_normal.png', 'profile_image_url_https': 'https://pbs.twimg.com/profile_images/1140965421908144128/_80iSgFS_normal.png', 'profile_banner_url': 'https://pbs.twimg.com/profile_banners/3367334171/1560756921', 'profile_link_color': '0AC18E', 'profile_sidebar_border_color': '000000', 'profile_sidebar_fill_color': '000000', 'profile_text_color': '000000', 'profile_use_background_image': False, 'has_extended_profile': False, 'default_profile': False, 'default_profile_image': False, 'following': False, 'follow_request_sent': False, 'notifications': False, 'translator_type': 'none', 'withheld_in_countries': []}, 'geo': None, 'coordinates': None, 'place': None, 'contributors': None, 'is_quote_status': False, 'retweet_count': 47, 'favorite_count': 229, 'favorited': False, 'retweeted': False, 'possibly_sensitive': False, 'lang': 'en'}"
1398746021983830019,2097571,cnni,"{'created_at': 'Sat May 29 21:00:13 +0000 2021', 'id': 1398746021983830019, 'id_str': '1398746021983830019', 'text': 'Police in the United Kingdom uncovered a cryptocurrency mine that was stealing thousands of pounds worth of electri‚Ä¶ https://t.co/VEqOmFMAve', 'truncated': True, 'entities': {'hashtags': [], 'symbols': [], 'user_mentions': [], 'urls': [{'url': 'https://t.co/VEqOmFMAve', 'expanded_url': 'https://twitter.com/i/web/status/1398746021983830019', 'display_url': 'twitter.com/i/web/status/1‚Ä¶', 'indices': [117, 140]}]}, 'metadata': {'result_type': 'popular', 'iso_language_code': 'en'}, 'source': '<a href=""http://www.socialflow.com"" rel=""nofollow"">SocialFlow</a>', 'in_reply_to_status_id': None, 'in_reply_to_status_id_str': None, 'in_reply_to_user_id': None, 'in_reply_to_user_id_str': None, 'in_reply_to_screen_name': None, 'user': {'id': 2097571, 'id_str': '2097571', 'name': 'CNN International', 'screen_name': 'cnni', 'location': 'Everywhere', 'description': 'Breaking news from around the world, plus business, style, travel, sport and entertainment. We #gothere.', 'url': 'http://t.co/kdkv08KSgi', 'entities': {'url': {'urls': [{'url': 'http://t.co/kdkv08KSgi', 'expanded_url': 'http://cnn.com/international', 'display_url': 'cnn.com/international', 'indices': [0, 22]}]}, 'description': {'urls': []}}, 'protected': False, 'followers_count': 12359352, 'friends_count': 366, 'listed_count': 44618, 'created_at': 'Sat Mar 24 10:48:14 +0000 2007', 'favourites_count': 134, 'utc_offset': None, 'time_zone': None, 'geo_enabled': True, 'verified': True, 'statuses_count': 253989, 'lang': None, 'contributors_enabled': False, 'is_translator': False, 'is_translation_enabled': False, 'profile_background_color': '3D4544', 'profile_background_image_url': 'http://abs.twimg.com/images/themes/theme1/bg.png', 'profile_background_image_url_https': 'https://abs.twimg.com/images/themes/theme1/bg.png', 'profile_background_tile': False, 'profile_image_url': 'http://pbs.twimg.com/profile_images/926050400062631936/Rvynw19f_normal.jpg', 'profile_image_url_https': 'https://pbs.twimg.com/profile_images/926050400062631936/Rvynw19f_normal.jpg', 'profile_banner_url': 'https://pbs.twimg.com/profile_banners/2097571/1497863018', 'profile_link_color': '004287', 'profile_sidebar_border_color': 'FFFFFF', 'profile_sidebar_fill_color': 'EEEEEE', 'profile_text_color': '000000', 'profile_use_background_image': False, 'has_extended_profile': False, 'default_profile': False, 'default_profile_image': False, 'following': False, 'follow_request_sent': False, 'notifications': False, 'translator_type': 'none', 'withheld_in_countries': []}, 'geo': None, 'coordinates': None, 'place': None, 'contributors': None, 'is_quote_status': False, 'retweet_count': 47, 'favorite_count': 86, 'favorited': False, 'retweeted': False, 'possibly_sensitive': False, 'lang': 'en'}"
1398678031401734152,2260491445,CoinMarketCap,"{'created_at': 'Sat May 29 16:30:03 +0000 2021', 'id': 1398678031401734152, 'id_str': '1398678031401734152', 'text': 'Are you the ultimate crypto user? Take this quiz and find out! \n\n#CoinMarketCap #Crypto #Cryptocurrency #Bitcoin‚Ä¶ https://t.co/Ze5GLgsq64', 'truncated': True, 'entities': {'hashtags': [{'text': 'CoinMarketCap', 'indices': [65, 79]}, {'text': 'Crypto', 'indices': [80, 87]}, {'text': 'Cryptocurrency', 'indices': [88, 103]}, {'text': 'Bitcoin', 'indices': [104, 112]}], 'symbols': [], 'user_mentions': [], 'urls': [{'url': 'https://t.co/Ze5GLgsq64', 'expanded_url': 'https://twitter.com/i/web/status/1398678031401734152', 'display_url': 'twitter.com/i/web/status/1‚Ä¶', 'indices': [114, 137]}]}, 'metadata': {'result_type': 'popular', 'iso_language_code': 'en'}, 'source': '<a href=""https://sproutsocial.com"" rel=""nofollow"">Sprout Social</a>', 'in_reply_to_status_id': None, 'in_reply_to_status_id_str': None, 'in_reply_to_user_id': None, 'in_reply_to_user_id_str': None, 'in_reply_to_screen_name': None, 'user': {'id': 2260491445, 'id_str': '2260491445', 'name': 'CoinMarketCap', 'screen_name': 'CoinMarketCap', 'location': '', 'description': 'Showcasing the crypto revolution to 200M+ monthly visitors (SimilarWeb March 2021 data)! Learn about crypto here: https://t.co/fJ6p40KWxW', 'url': 'https://t.co/35ruJfCu98', 'entities': {'url': {'urls': [{'url': 'https://t.co/35ruJfCu98', 'expanded_url': 'https://coinmarketcap.com', 'display_url': 'coinmarketcap.com', 'indices': [0, 23]}]}, 'description': {'urls': [{'url': 'https://t.co/fJ6p40KWxW', 'expanded_url': 'http://coinmarketcap.com', 'display_url': 'coinmarketcap.com', 'indices': [114, 137]}]}}, 'protected': False, 'followers_count': 1813832, 'friends_count': 1919, 'listed_count': 8640, 'created_at': 'Tue Dec 24 16:50:12 +0000 2013', 'favourites_count': 4748, 'utc_offset': None, 'time_zone': None, 'geo_enabled': False, 'verified': True, 'statuses_count': 12973, 'lang': None, 'contributors_enabled': False, 'is_translator': False, 'is_translation_enabled': False, 'profile_background_color': 'C0DEED', 'profile_background_image_url': 'http://abs.twimg.com/images/themes/theme1/bg.png', 'profile_background_image_url_https': 'https://abs.twimg.com/images/themes/theme1/bg.png', 'profile_background_tile': False, 'profile_image_url': 'http://pbs.twimg.com/profile_images/1346096148604456960/KKA0ct5i_normal.jpg', 'profile_image_url_https': 'https://pbs.twimg.com/profile_images/1346096148604456960/KKA0ct5i_normal.jpg', 'profile_banner_url': 'https://pbs.twimg.com/profile_banners/2260491445/1609769326', 'profile_link_color': '1DA1F2', 'profile_sidebar_border_color': 'C0DEED', 'profile_sidebar_fill_color': 'DDEEF6', 'profile_text_color': '333333', 'profile_use_background_image': True, 'has_extended_profile': False, 'default_profile': True, 'default_profile_image': False, 'following': False, 'follow_request_sent': False, 'notifications': False, 'translator_type': 'none', 'withheld_in_countries': []}, 'geo': None, 'coordinates': None, 'place': None, 'contributors': None, 'is_quote_status': False, 'retweet_count': 703, 'favorite_count': 1185, 'favorited': False, 'retweeted': False, 'possibly_sensitive': False, 'lang': 'en'}"
1398799022828183554,3367334171,BTCTN,"{'created_at': 'Sun May 30 00:30:50 +0000 2021', 'id': 1398799022828183554, 'id_str': '1398799022828183554', 'text': 'Mohammad, who operated a bitcoin ATM network, conducted multiple in-person transactions with undercover agents, hel‚Ä¶ https://t.co/5NT7mF3lgB', 'truncated': True, 'entities': {'hashtags': [], 'symbols': [], 'user_mentions': [], 'urls': [{'url': 'https://t.co/5NT7mF3lgB', 'expanded_url': 'https://twitter.com/i/web/status/1398799022828183554', 'display_url': 'twitter.com/i/web/status/1‚Ä¶', 'indices': [117, 140]}]}, 'metadata': {'result_type': 'popular', 'iso_language_code': 'en'}, 'source': '<a href=""https://zapier.com/"" rel=""nofollow"">Zapier.com</a>', 'in_reply_to_status_id': None, 'in_reply_to_status_id_str': None, 'in_reply_to_user_id': None, 'in_reply_to_user_id_str': None, 'in_reply_to_screen_name': None, 'user': {'id': 3367334171, 'id_str': '3367334171', 'name': 'Bitcoin News', 'screen_name': 'BTCTN', 'location': 'World Wide', 'description': 'Official Twitter account for https://t.co/Y3Sm6N0oR5. Follow us for all the latest Bitcoin news and services! Follow @bitcoincom for all https://t.co/5vSQA17h1m updates.', 'url': 'https://t.co/oZCuHV2ZwX', 'entities': {'url': {'urls': [{'url': 'https://t.co/oZCuHV2ZwX', 'expanded_url': 'http://www.Bitcoin.com', 'display_url': 'Bitcoin.com', 'indices': [0, 23]}]}, 'description': {'urls': [{'url': 'https://t.co/Y3Sm6N0oR5', 'expanded_url': 'http://news.bitcoin.com', 'display_url': 'news.bitcoin.com', 'indices': [29, 52]}, {'url': 'https://t.co/5vSQA17h1m', 'expanded_url': 'http://bitcoin.com', 'display_url': 'bitcoin.com', 'indices': [137, 160]}]}}, 'protected': False, 'followers_count': 1330115, 'friends_count': 927, 'listed_count': 7088, 'created_at': 'Thu Jul 09 08:58:22 +0000 2015', 'favourites_count': 10092, 'utc_offset': None, 'time_zone': None, 'geo_enabled': True, 'verified': True, 'statuses_count': 19490, 'lang': None, 'contributors_enabled': False, 'is_translator': False, 'is_translation_enabled': False, 'profile_background_color': '000000', 'profile_background_image_url': 'http://abs.twimg.com/images/themes/theme1/bg.png', 'profile_background_image_url_https': 'https://abs.twimg.com/images/themes/theme1/bg.png', 'profile_background_tile': False, 'profile_image_url': 'http://pbs.twimg.com/profile_images/1140965421908144128/_80iSgFS_normal.png', 'profile_image_url_https': 'https://pbs.twimg.com/profile_images/1140965421908144128/_80iSgFS_normal.png', 'profile_banner_url': 'https://pbs.twimg.com/profile_banners/3367334171/1560756921', 'profile_link_color': '0AC18E', 'profile_sidebar_border_color': '000000', 'profile_sidebar_fill_color': '000000', 'profile_text_color': '000000', 'profile_use_background_image': False, 'has_extended_profile': False, 'default_profile': False, 'default_profile_image': False, 'following': False, 'follow_request_sent': False, 'notifications': False, 'translator_type': 'none', 'withheld_in_countries': []}, 'geo': None, 'coordinates': None, 'place': None, 'contributors': None, 'is_quote_status': False, 'retweet_count': 33, 'favorite_count': 121, 'favorited': False, 'retweeted': False, 'possibly_sensitive': False, 'lang': 'en'}"
1398611320522608642,2260491445,CoinMarketCap,"{'created_at': 'Sat May 29 12:04:58 +0000 2021', 'id': 1398611320522608642, 'id_str': '1398611320522608642', 'text': ""Found what you're looking for?\n\n#CoinMarketCap #Crypto #Cryptocurrency #Bitcoin #Altcoin #DeFi #Ethereum #LTN #SHIB‚Ä¶ https://t.co/pm6YmQDevv"", 'truncated': True, 'entities': {'hashtags': [{'text': 'CoinMarketCap', 'indices': [32, 46]}, {'text': 'Crypto', 'indices': [47, 54]}, {'text': 'Cryptocurrency', 'indices': [55, 70]}, {'text': 'Bitcoin', 'indices': [71, 79]}, {'text': 'Altcoin', 'indices': [80, 88]}, {'text': 'DeFi', 'indices': [89, 94]}, {'text': 'Ethereum', 'indices': [95, 104]}, {'text': 'LTN', 'indices': [105, 109]}, {'text': 'SHIB', 'indices': [110, 115]}], 'symbols': [], 'user_mentions': [], 'urls': [{'url': 'https://t.co/pm6YmQDevv', 'expanded_url': 'https://twitter.com/i/web/status/1398611320522608642', 'display_url': 'twitter.com/i/web/status/1‚Ä¶', 'indices': [117, 140]}]}, 'metadata': {'result_type': 'popular', 'iso_language_code': 'en'}, 'source': '<a href=""https://sproutsocial.com"" rel=""nofollow"">Sprout Social</a>', 'in_reply_to_status_id': None, 'in_reply_to_status_id_str': None, 'in_reply_to_user_id': None, 'in_reply_to_user_id_str': None, 'in_reply_to_screen_name': None, 'user': {'id': 2260491445, 'id_str': '2260491445', 'name': 'CoinMarketCap', 'screen_name': 'CoinMarketCap', 'location': '', 'description': 'Showcasing the crypto revolution to 200M+ monthly visitors (SimilarWeb March 2021 data)! Learn about crypto here: https://t.co/fJ6p40KWxW', 'url': 'https://t.co/35ruJfCu98', 'entities': {'url': {'urls': [{'url': 'https://t.co/35ruJfCu98', 'expanded_url': 'https://coinmarketcap.com', 'display_url': 'coinmarketcap.com', 'indices': [0, 23]}]}, 'description': {'urls': [{'url': 'https://t.co/fJ6p40KWxW', 'expanded_url': 'http://coinmarketcap.com', 'display_url': 'coinmarketcap.com', 'indices': [114, 137]}]}}, 'protected': False, 'followers_count': 1813832, 'friends_count': 1919, 'listed_count': 8640, 'created_at': 'Tue Dec 24 16:50:12 +0000 2013', 'favourites_count': 4748, 'utc_offset': None, 'time_zone': None, 'geo_enabled': False, 'verified': True, 'statuses_count': 12973, 'lang': None, 'contributors_enabled': False, 'is_translator': False, 'is_translation_enabled': False, 'profile_background_color': 'C0DEED', 'profile_background_image_url': 'http://abs.twimg.com/images/themes/theme1/bg.png', 'profile_background_image_url_https': 'https://abs.twimg.com/images/themes/theme1/bg.png', 'profile_background_tile': False, 'profile_image_url': 'http://pbs.twimg.com/profile_images/1346096148604456960/KKA0ct5i_normal.jpg', 'profile_image_url_https': 'https://pbs.twimg.com/profile_images/1346096148604456960/KKA0ct5i_normal.jpg', 'profile_banner_url': 'https://pbs.twimg.com/profile_banners/2260491445/1609769326', 'profile_link_color': '1DA1F2', 'profile_sidebar_border_color': 'C0DEED', 'profile_sidebar_fill_color': 'DDEEF6', 'profile_text_color': '333333', 'profile_use_background_image': True, 'has_extended_profile': False, 'default_profile': True, 'default_profile_image': False, 'following': False, 'follow_request_sent': False, 'notifications': False, 'translator_type': 'none', 'withheld_in_countries': []}, 'geo': None, 'coordinates': None, 'place': None, 'contributors': None, 'is_quote_status': False, 'retweet_count': 1518, 'favorite_count': 4358, 'favorited': False, 'retweeted': False, 'possibly_sensitive': False, 'lang': 'en'}"
1398133645420998656,2260491445,CoinMarketCap,"{'created_at': 'Fri May 28 04:26:51 +0000 2021', 'id': 1398133645420998656, 'id_str': '1398133645420998656', 'text': '40 Billion APENFT Airdrop exclusively on CoinMarketCap worth 160K USD!\n@justinsuntron @Tronfoundation‚Ä¶ https://t.co/khHWVFWvSH', 'truncated': True, 'entities': {'hashtags': [], 'symbols': [], 'user_mentions': [{'screen_name': 'justinsuntron', 'name': 'Justin Sun üÖ£üåû', 'id': 902839045356744704, 'id_str': '902839045356744704', 'indices': [71, 85]}, {'screen_name': 'Tronfoundation', 'name': 'TRON Foundation', 'id': 894231710065446912, 'id_str': '894231710065446912', 'indices': [86, 101]}], 'urls': [{'url': 'https://t.co/khHWVFWvSH', 'expanded_url': 'https://twitter.com/i/web/status/1398133645420998656', 'display_url': 'twitter.com/i/web/status/1‚Ä¶', 'indices': [103, 126]}]}, 'metadata': {'result_type': 'popular', 'iso_language_code': 'en'}, 'source': '<a href=""https://sproutsocial.com"" rel=""nofollow"">Sprout Social</a>', 'in_reply_to_status_id': None, 'in_reply_to_status_id_str': None, 'in_reply_to_user_id': None, 'in_reply_to_user_id_str': None, 'in_reply_to_screen_name': None, 'user': {'id': 2260491445, 'id_str': '2260491445', 'name': 'CoinMarketCap', 'screen_name': 'CoinMarketCap', 'location': '', 'description': 'Showcasing the crypto revolution to 200M+ monthly visitors (SimilarWeb March 2021 data)! Learn about crypto here: https://t.co/fJ6p40KWxW', 'url': 'https://t.co/35ruJfCu98', 'entities': {'url': {'urls': [{'url': 'https://t.co/35ruJfCu98', 'expanded_url': 'https://coinmarketcap.com', 'display_url': 'coinmarketcap.com', 'indices': [0, 23]}]}, 'description': {'urls': [{'url': 'https://t.co/fJ6p40KWxW', 'expanded_url': 'http://coinmarketcap.com', 'display_url': 'coinmarketcap.com', 'indices': [114, 137]}]}}, 'protected': False, 'followers_count': 1813832, 'friends_count': 1919, 'listed_count': 8640, 'created_at': 'Tue Dec 24 16:50:12 +0000 2013', 'favourites_count': 4748, 'utc_offset': None, 'time_zone': None, 'geo_enabled': False, 'verified': True, 'statuses_count': 12973, 'lang': None, 'contributors_enabled': False, 'is_translator': False, 'is_translation_enabled': False, 'profile_background_color': 'C0DEED', 'profile_background_image_url': 'http://abs.twimg.com/images/themes/theme1/bg.png', 'profile_background_image_url_https': 'https://abs.twimg.com/images/themes/theme1/bg.png', 'profile_background_tile': False, 'profile_image_url': 'http://pbs.twimg.com/profile_images/1346096148604456960/KKA0ct5i_normal.jpg', 'profile_image_url_https': 'https://pbs.twimg.com/profile_images/1346096148604456960/KKA0ct5i_normal.jpg', 'profile_banner_url': 'https://pbs.twimg.com/profile_banners/2260491445/1609769326', 'profile_link_color': '1DA1F2', 'profile_sidebar_border_color': 'C0DEED', 'profile_sidebar_fill_color': 'DDEEF6', 'profile_text_color': '333333', 'profile_use_background_image': True, 'has_extended_profile': False, 'default_profile': True, 'default_profile_image': False, 'following': False, 'follow_request_sent': False, 'notifications': False, 'translator_type': 'none', 'withheld_in_countries': []}, 'geo': None, 'coordinates': None, 'place': None, 'contributors': None, 'is_quote_status': False, 'retweet_count': 1760, 'favorite_count': 2767, 'favorited': False, 'retweeted': False, 'possibly_sensitive': False, 'lang': 'en'}"
1398705073086255104,430421961,SusanLiTV,"{'created_at': 'Sat May 29 18:17:30 +0000 2021', 'id': 1398705073086255104, 'id_str': '1398705073086255104', 'text': 'Anyone taking the bet that #Bitcoin\xa0 falls below $30k this weekend \n\n#Etherum goes sub $2k ü§î\n\n#cryptocurrency‚Ä¶ https://t.co/U1RegL86Bz', 'truncated': True, 'entities': {'hashtags': [{'text': 'Bitcoin', 'indices': [27, 35]}, {'text': 'Etherum', 'indices': [69, 77]}, {'text': 'cryptocurrency', 'indices': [94, 109]}], 'symbols': [], 'user_mentions': [], 'urls': [{'url': 'https://t.co/U1RegL86Bz', 'expanded_url': 'https://twitter.com/i/web/status/1398705073086255104', 'display_url': 'twitter.com/i/web/status/1‚Ä¶', 'indices': [111, 134]}]}, 'metadata': {'result_type': 'popular', 'iso_language_code': 'en'}, 'source': '<a href=""http://twitter.com/download/iphone"" rel=""nofollow"">Twitter for iPhone</a>', 'in_reply_to_status_id': None, 'in_reply_to_status_id_str': None, 'in_reply_to_user_id': None, 'in_reply_to_user_id_str': None, 'in_reply_to_screen_name': None, 'user': {'id': 430421961, 'id_str': '430421961', 'name': 'Susan Li', 'screen_name': 'SusanLiTV', 'location': 'AsiaPac/Europe/NAmerica', 'description': 'Global wanderer. Fox Biz ex-CNBC & Bloomberg TV. üíéüôåViews expressed are my own. Yes am on https://t.co/W4Yeb0Pxyc', 'url': None, 'entities': {'description': {'urls': [{'url': 'https://t.co/W4Yeb0Pxyc', 'expanded_url': 'http://instagram.com/SusyQLi', 'display_url': 'instagram.com/SusyQLi', 'indices': [89, 112]}]}}, 'protected': False, 'followers_count': 41866, 'friends_count': 2539, 'listed_count': 468, 'created_at': 'Wed Dec 07 04:33:55 +0000 2011', 'favourites_count': 11930, 'utc_offset': None, 'time_zone': None, 'geo_enabled': True, 'verified': True, 'statuses_count': 8960, 'lang': None, 'contributors_enabled': False, 'is_translator': False, 'is_translation_enabled': False, 'profile_background_color': 'E64747', 'profile_background_image_url': 'http://abs.twimg.com/images/themes/theme1/bg.png', 'profile_background_image_url_https': 'https://abs.twimg.com/images/themes/theme1/bg.png', 'profile_background_tile': False, 'profile_image_url': 'http://pbs.twimg.com/profile_images/1325664521948688387/M6coBLdQ_normal.jpg', 'profile_image_url_https': 'https://pbs.twimg.com/profile_images/1325664521948688387/M6coBLdQ_normal.jpg', 'profile_banner_url': 'https://pbs.twimg.com/profile_banners/430421961/1447627210', 'profile_link_color': 'D11313', 'profile_sidebar_border_color': 'E64747', 'profile_sidebar_fill_color': 'F0C9C9', 'profile_text_color': '333333', 'profile_use_background_image': False, 'has_extended_profile': False, 'default_profile': False, 'default_profile_image': False, 'following': False, 'follow_request_sent': False, 'notifications': False, 'translator_type': 'none', 'withheld_in_countries': []}, 'geo': None, 'coordinates': None, 'place': None, 'contributors': None, 'is_quote_status': False, 'retweet_count': 27, 'favorite_count': 290, 'favorited': False, 'retweeted': False, 'possibly_sensitive': False, 'lang': 'en'}"
1397291138185302019,1333467482,CoinDesk,"{'created_at': 'Tue May 25 20:39:02 +0000 2021', 'id': 1397291138185302019, 'id_str': '1397291138185302019', 'text': ""NEW: The Bitcoin Mining Council was born out of a desire to shape the narrative around the cryptocurrency's energy‚Ä¶ https://t.co/tpFE23GgaZ"", 'truncated': True, 'entities': {'hashtags': [], 'symbols': [], 'user_mentions': [], 'urls': [{'url': 'https://t.co/tpFE23GgaZ', 'expanded_url': 'https://twitter.com/i/web/status/1397291138185302019', 'display_url': 'twitter.com/i/web/status/1‚Ä¶', 'indices': [116, 139]}]}, 'metadata': {'result_type': 'popular', 'iso_language_code': 'en'}, 'source': '<a href=""http://www.socialflow.com"" rel=""nofollow"">SocialFlow</a>', 'in_reply_to_status_id': None, 'in_reply_to_status_id_str': None, 'in_reply_to_user_id': None, 'in_reply_to_user_id_str': None, 'in_reply_to_screen_name': None, 'user': {'id': 1333467482, 'id_str': '1333467482', 'name': 'CoinDesk', 'screen_name': 'CoinDesk', 'location': 'New York, USA', 'description': 'Welcome to the conversation on the future of money. Follow @CoinDeskMarkets + @CoinDeskData. #CryptoState2021: https://t.co/JWVJQalkQ6', 'url': 'https://t.co/voQSwZsxYC', 'entities': {'url': {'urls': [{'url': 'https://t.co/voQSwZsxYC', 'expanded_url': 'http://www.coindesk.com', 'display_url': 'coindesk.com', 'indices': [0, 23]}]}, 'description': {'urls': [{'url': 'https://t.co/JWVJQalkQ6', 'expanded_url': 'https://bit.ly/3uBoUrZ', 'display_url': 'bit.ly/3uBoUrZ', 'indices': [111, 134]}]}}, 'protected': False, 'followers_count': 1669535, 'friends_count': 1311, 'listed_count': 14957, 'created_at': 'Sun Apr 07 07:50:08 +0000 2013', 'favourites_count': 5095, 'utc_offset': None, 'time_zone': None, 'geo_enabled': True, 'verified': True, 'statuses_count': 80057, 'lang': None, 'contributors_enabled': False, 'is_translator': False, 'is_translation_enabled': False, 'profile_background_color': '000000', 'profile_background_image_url': 'http://abs.twimg.com/images/themes/theme1/bg.png', 'profile_background_image_url_https': 'https://abs.twimg.com/images/themes/theme1/bg.png', 'profile_background_tile': False, 'profile_image_url': 'http://pbs.twimg.com/profile_images/1273411415215411202/9HeiHTVY_normal.jpg', 'profile_image_url_https': 'https://pbs.twimg.com/profile_images/1273411415215411202/9HeiHTVY_normal.jpg', 'profile_banner_url': 'https://pbs.twimg.com/profile_banners/1333467482/1622425755', 'profile_link_color': '0084B4', 'profile_sidebar_border_color': '000000', 'profile_sidebar_fill_color': 'DDEEF6', 'profile_text_color': '333333', 'profile_use_background_image': True, 'has_extended_profile': False, 'default_profile': False, 'default_profile_image': False, 'following': False, 'follow_request_sent': False, 'notifications': False, 'translator_type': 'none', 'withheld_in_countries': []}, 'geo': None, 'coordinates': None, 'place': None, 'contributors': None, 'is_quote_status': False, 'retweet_count': 392, 'favorite_count': 2377, 'favorited': False, 'retweeted': False, 'possibly_sensitive': False, 'lang': 'en'}"
1397132850756034562,2260491445,CoinMarketCap,"{'created_at': 'Tue May 25 10:10:03 +0000 2021', 'id': 1397132850756034562, 'id_str': '1397132850756034562', 'text': ""Great news! We've just launched our very own CMC Harmony Validator @harmonyprotocol\n\nJoin us as a Community Delegat‚Ä¶ https://t.co/BVd4sUvvuF"", 'truncated': True, 'entities': {'hashtags': [], 'symbols': [], 'user_mentions': [{'screen_name': 'harmonyprotocol', 'name': 'Harmony', 'id': 1006055524666826754, 'id_str': '1006055524666826754', 'indices': [67, 83]}], 'urls': [{'url': 'https://t.co/BVd4sUvvuF', 'expanded_url': 'https://twitter.com/i/web/status/1397132850756034562', 'display_url': 'twitter.com/i/web/status/1‚Ä¶', 'indices': [117, 140]}]}, 'metadata': {'result_type': 'popular', 'iso_language_code': 'en'}, 'source': '<a href=""https://sproutsocial.com"" rel=""nofollow"">Sprout Social</a>', 'in_reply_to_status_id': None, 'in_reply_to_status_id_str': None, 'in_reply_to_user_id': None, 'in_reply_to_user_id_str': None, 'in_reply_to_screen_name': None, 'user': {'id': 2260491445, 'id_str': '2260491445', 'name': 'CoinMarketCap', 'screen_name': 'CoinMarketCap', 'location': '', 'description': 'Showcasing the crypto revolution to 200M+ monthly visitors (SimilarWeb March 2021 data)! Learn about crypto here: https://t.co/fJ6p40KWxW', 'url': 'https://t.co/35ruJfCu98', 'entities': {'url': {'urls': [{'url': 'https://t.co/35ruJfCu98', 'expanded_url': 'https://coinmarketcap.com', 'display_url': 'coinmarketcap.com', 'indices': [0, 23]}]}, 'description': {'urls': [{'url': 'https://t.co/fJ6p40KWxW', 'expanded_url': 'http://coinmarketcap.com', 'display_url': 'coinmarketcap.com', 'indices': [114, 137]}]}}, 'protected': False, 'followers_count': 1813832, 'friends_count': 1919, 'listed_count': 8640, 'created_at': 'Tue Dec 24 16:50:12 +0000 2013', 'favourites_count': 4748, 'utc_offset': None, 'time_zone': None, 'geo_enabled': False, 'verified': True, 'statuses_count': 12973, 'lang': None, 'contributors_enabled': False, 'is_translator': False, 'is_translation_enabled': False, 'profile_background_color': 'C0DEED', 'profile_background_image_url': 'http://abs.twimg.com/images/themes/theme1/bg.png', 'profile_background_image_url_https': 'https://abs.twimg.com/images/themes/theme1/bg.png', 'profile_background_tile': False, 'profile_image_url': 'http://pbs.twimg.com/profile_images/1346096148604456960/KKA0ct5i_normal.jpg', 'profile_image_url_https': 'https://pbs.twimg.com/profile_images/1346096148604456960/KKA0ct5i_normal.jpg', 'profile_banner_url': 'https://pbs.twimg.com/profile_banners/2260491445/1609769326', 'profile_link_color': '1DA1F2', 'profile_sidebar_border_color': 'C0DEED', 'profile_sidebar_fill_color': 'DDEEF6', 'profile_text_color': '333333', 'profile_use_background_image': True, 'has_extended_profile': False, 'default_profile': True, 'default_profile_image': False, 'following': False, 'follow_request_sent': False, 'notifications': False, 'translator_type': 'none', 'withheld_in_countries': []}, 'geo': None, 'coordinates': None, 'place': None, 'contributors': None, 'is_quote_status': False, 'retweet_count': 339, 'favorite_count': 1139, 'favorited': False, 'retweeted': False, 'possibly_sensitive': False, 'lang': 'en'}"
1396610017160220672,3367334171,BTCTN,"{'created_at': 'Sun May 23 23:32:30 +0000 2021', 'id': 1396610017160220672, 'id_str': '1396610017160220672', 'text': '""Remember the problem is not Elon Musk or #bitcoin. The problems are the Fed, Treasury, and Biden. Gold, silver and‚Ä¶ https://t.co/x07WWL7rt1', 'truncated': True, 'entities': {'hashtags': [{'text': 'bitcoin', 'indices': [42, 50]}], 'symbols': [], 'user_mentions': [], 'urls': [{'url': 'https://t.co/x07WWL7rt1', 'expanded_url': 'https://twitter.com/i/web/status/1396610017160220672', 'display_url': 'twitter.com/i/web/status/1‚Ä¶', 'indices': [117, 140]}]}, 'metadata': {'result_type': 'popular', 'iso_language_code': 'en'}, 'source': '<a href=""https://zapier.com/"" rel=""nofollow"">Zapier.com</a>', 'in_reply_to_status_id': None, 'in_reply_to_status_id_str': None, 'in_reply_to_user_id': None, 'in_reply_to_user_id_str': None, 'in_reply_to_screen_name': None, 'user': {'id': 3367334171, 'id_str': '3367334171', 'name': 'Bitcoin News', 'screen_name': 'BTCTN', 'location': 'World Wide', 'description': 'Official Twitter account for https://t.co/Y3Sm6N0oR5. Follow us for all the latest Bitcoin news and services! Follow @bitcoincom for all https://t.co/5vSQA17h1m updates.', 'url': 'https://t.co/oZCuHV2ZwX', 'entities': {'url': {'urls': [{'url': 'https://t.co/oZCuHV2ZwX', 'expanded_url': 'http://www.Bitcoin.com', 'display_url': 'Bitcoin.com', 'indices': [0, 23]}]}, 'description': {'urls': [{'url': 'https://t.co/Y3Sm6N0oR5', 'expanded_url': 'http://news.bitcoin.com', 'display_url': 'news.bitcoin.com', 'indices': [29, 52]}, {'url': 'https://t.co/5vSQA17h1m', 'expanded_url': 'http://bitcoin.com', 'display_url': 'bitcoin.com', 'indices': [137, 160]}]}}, 'protected': False, 'followers_count': 1330115, 'friends_count': 927, 'listed_count': 7088, 'created_at': 'Thu Jul 09 08:58:22 +0000 2015', 'favourites_count': 10092, 'utc_offset': None, 'time_zone': None, 'geo_enabled': True, 'verified': True, 'statuses_count': 19490, 'lang': None, 'contributors_enabled': False, 'is_translator': False, 'is_translation_enabled': False, 'profile_background_color': '000000', 'profile_background_image_url': 'http://abs.twimg.com/images/themes/theme1/bg.png', 'profile_background_image_url_https': 'https://abs.twimg.com/images/themes/theme1/bg.png', 'profile_background_tile': False, 'profile_image_url': 'http://pbs.twimg.com/profile_images/1140965421908144128/_80iSgFS_normal.png', 'profile_image_url_https': 'https://pbs.twimg.com/profile_images/1140965421908144128/_80iSgFS_normal.png', 'profile_banner_url': 'https://pbs.twimg.com/profile_banners/3367334171/1560756921', 'profile_link_color': '0AC18E', 'profile_sidebar_border_color': '000000', 'profile_sidebar_fill_color': '000000', 'profile_text_color': '000000', 'profile_use_background_image': False, 'has_extended_profile': False, 'default_profile': False, 'default_profile_image': False, 'following': False, 'follow_request_sent': False, 'notifications': False, 'translator_type': 'none', 'withheld_in_countries': []}, 'geo': None, 'coordinates': None, 'place': None, 'contributors': None, 'is_quote_status': False, 'retweet_count': 580, 'favorite_count': 2253, 'favorited': False, 'retweeted': False, 'possibly_sensitive': False, 'lang': 'en'}"
1396664000637804554,2260491445,CoinMarketCap,"{'created_at': 'Mon May 24 03:07:01 +0000 2021', 'id': 1396664000637804554, 'id_str': '1396664000637804554', 'text': 'Happy Monday!\n\nBear or Bull, Stay Calm.\n\n#CoinMarketCap #Crypto #Cryptocurrency #Bitcoin #Altcoin #DeFi #Dogecoin‚Ä¶ https://t.co/L2lNxbHvVG', 'truncated': True, 'entities': {'hashtags': [{'text': 'CoinMarketCap', 'indices': [41, 55]}, {'text': 'Crypto', 'indices': [56, 63]}, {'text': 'Cryptocurrency', 'indices': [64, 79]}, {'text': 'Bitcoin', 'indices': [80, 88]}, {'text': 'Altcoin', 'indices': [89, 97]}, {'text': 'DeFi', 'indices': [98, 103]}, {'text': 'Dogecoin', 'indices': [104, 113]}], 'symbols': [], 'user_mentions': [], 'urls': [{'url': 'https://t.co/L2lNxbHvVG', 'expanded_url': 'https://twitter.com/i/web/status/1396664000637804554', 'display_url': 'twitter.com/i/web/status/1‚Ä¶', 'indices': [115, 138]}]}, 'metadata': {'result_type': 'popular', 'iso_language_code': 'en'}, 'source': '<a href=""https://sproutsocial.com"" rel=""nofollow"">Sprout Social</a>', 'in_reply_to_status_id': None, 'in_reply_to_status_id_str': None, 'in_reply_to_user_id': None, 'in_reply_to_user_id_str': None, 'in_reply_to_screen_name': None, 'user': {'id': 2260491445, 'id_str': '2260491445', 'name': 'CoinMarketCap', 'screen_name': 'CoinMarketCap', 'location': '', 'description': 'Showcasing the crypto revolution to 200M+ monthly visitors (SimilarWeb March 2021 data)! Learn about crypto here: https://t.co/fJ6p40KWxW', 'url': 'https://t.co/35ruJfCu98', 'entities': {'url': {'urls': [{'url': 'https://t.co/35ruJfCu98', 'expanded_url': 'https://coinmarketcap.com', 'display_url': 'coinmarketcap.com', 'indices': [0, 23]}]}, 'description': {'urls': [{'url': 'https://t.co/fJ6p40KWxW', 'expanded_url': 'http://coinmarketcap.com', 'display_url': 'coinmarketcap.com', 'indices': [114, 137]}]}}, 'protected': False, 'followers_count': 1813832, 'friends_count': 1919, 'listed_count': 8640, 'created_at': 'Tue Dec 24 16:50:12 +0000 2013', 'favourites_count': 4748, 'utc_offset': None, 'time_zone': None, 'geo_enabled': False, 'verified': True, 'statuses_count': 12973, 'lang': None, 'contributors_enabled': False, 'is_translator': False, 'is_translation_enabled': False, 'profile_background_color': 'C0DEED', 'profile_background_image_url': 'http://abs.twimg.com/images/themes/theme1/bg.png', 'profile_background_image_url_https': 'https://abs.twimg.com/images/themes/theme1/bg.png', 'profile_background_tile': False, 'profile_image_url': 'http://pbs.twimg.com/profile_images/1346096148604456960/KKA0ct5i_normal.jpg', 'profile_image_url_https': 'https://pbs.twimg.com/profile_images/1346096148604456960/KKA0ct5i_normal.jpg', 'profile_banner_url': 'https://pbs.twimg.com/profile_banners/2260491445/1609769326', 'profile_link_color': '1DA1F2', 'profile_sidebar_border_color': 'C0DEED', 'profile_sidebar_fill_color': 'DDEEF6', 'profile_text_color': '333333', 'profile_use_background_image': True, 'has_extended_profile': False, 'default_profile': True, 'default_profile_image': False, 'following': False, 'follow_request_sent': False, 'notifications': False, 'translator_type': 'none', 'withheld_in_countries': []}, 'geo': None, 'coordinates': None, 'place': None, 'contributors': None, 'is_quote_status': False, 'retweet_count': 456, 'favorite_count': 1559, 'favorited': False, 'retweeted': False, 'possibly_sensitive': False, 'lang': 'en'}"
1396881650873667586,3367334171,BTCTN,"{'created_at': 'Mon May 24 17:31:53 +0000 2021', 'id': 1396881650873667586, 'id_str': '1396881650873667586', 'text': '""#Bitcoin is now considered an investable asset"" and ""Clients and beyond are largely treating it as a new asset cla‚Ä¶ https://t.co/JjXjB0vGHD', 'truncated': True, 'entities': {'hashtags': [{'text': 'Bitcoin', 'indices': [1, 9]}], 'symbols': [], 'user_mentions': [], 'urls': [{'url': 'https://t.co/JjXjB0vGHD', 'expanded_url': 'https://twitter.com/i/web/status/1396881650873667586', 'display_url': 'twitter.com/i/web/status/1‚Ä¶', 'indices': [117, 140]}]}, 'metadata': {'result_type': 'popular', 'iso_language_code': 'en'}, 'source': '<a href=""https://zapier.com/"" rel=""nofollow"">Zapier.com</a>', 'in_reply_to_status_id': None, 'in_reply_to_status_id_str': None, 'in_reply_to_user_id': None, 'in_reply_to_user_id_str': None, 'in_reply_to_screen_name': None, 'user': {'id': 3367334171, 'id_str': '3367334171', 'name': 'Bitcoin News', 'screen_name': 'BTCTN', 'location': 'World Wide', 'description': 'Official Twitter account for https://t.co/Y3Sm6N0oR5. Follow us for all the latest Bitcoin news and services! Follow @bitcoincom for all https://t.co/5vSQA17h1m updates.', 'url': 'https://t.co/oZCuHV2ZwX', 'entities': {'url': {'urls': [{'url': 'https://t.co/oZCuHV2ZwX', 'expanded_url': 'http://www.Bitcoin.com', 'display_url': 'Bitcoin.com', 'indices': [0, 23]}]}, 'description': {'urls': [{'url': 'https://t.co/Y3Sm6N0oR5', 'expanded_url': 'http://news.bitcoin.com', 'display_url': 'news.bitcoin.com', 'indices': [29, 52]}, {'url': 'https://t.co/5vSQA17h1m', 'expanded_url': 'http://bitcoin.com', 'display_url': 'bitcoin.com', 'indices': [137, 160]}]}}, 'protected': False, 'followers_count': 1330115, 'friends_count': 927, 'listed_count': 7088, 'created_at': 'Thu Jul 09 08:58:22 +0000 2015', 'favourites_count': 10092, 'utc_offset': None, 'time_zone': None, 'geo_enabled': True, 'verified': True, 'statuses_count': 19490, 'lang': None, 'contributors_enabled': False, 'is_translator': False, 'is_translation_enabled': False, 'profile_background_color': '000000', 'profile_background_image_url': 'http://abs.twimg.com/images/themes/theme1/bg.png', 'profile_background_image_url_https': 'https://abs.twimg.com/images/themes/theme1/bg.png', 'profile_background_tile': False, 'profile_image_url': 'http://pbs.twimg.com/profile_images/1140965421908144128/_80iSgFS_normal.png', 'profile_image_url_https': 'https://pbs.twimg.com/profile_images/1140965421908144128/_80iSgFS_normal.png', 'profile_banner_url': 'https://pbs.twimg.com/profile_banners/3367334171/1560756921', 'profile_link_color': '0AC18E', 'profile_sidebar_border_color': '000000', 'profile_sidebar_fill_color': '000000', 'profile_text_color': '000000', 'profile_use_background_image': False, 'has_extended_profile': False, 'default_profile': False, 'default_profile_image': False, 'following': False, 'follow_request_sent': False, 'notifications': False, 'translator_type': 'none', 'withheld_in_countries': []}, 'geo': None, 'coordinates': None, 'place': None, 'contributors': None, 'is_quote_status': False, 'retweet_count': 252, 'favorite_count': 849, 'favorited': False, 'retweeted': False, 'possibly_sensitive': False, 'lang': 'en'}"
1397189869978406916,361289499,BitcoinMagazine,"{'created_at': 'Tue May 25 13:56:38 +0000 2021', 'id': 1397189869978406916, 'id_str': '1397189869978406916', 'text': 'PricewaterhouseCoopers (PwC) reports that 21% of cryptocurrency hedge funds predict that the year-end #Bitcoin pric‚Ä¶ https://t.co/xhg8YC3Ck9', 'truncated': True, 'entities': {'hashtags': [{'text': 'Bitcoin', 'indices': [102, 110]}], 'symbols': [], 'user_mentions': [], 'urls': [{'url': 'https://t.co/xhg8YC3Ck9', 'expanded_url': 'https://twitter.com/i/web/status/1397189869978406916', 'display_url': 'twitter.com/i/web/status/1‚Ä¶', 'indices': [117, 140]}]}, 'metadata': {'result_type': 'popular', 'iso_language_code': 'en'}, 'source': '<a href=""https://mobile.twitter.com"" rel=""nofollow"">Twitter Web App</a>', 'in_reply_to_status_id': None, 'in_reply_to_status_id_str': None, 'in_reply_to_user_id': None, 'in_reply_to_user_id_str': None, 'in_reply_to_screen_name': None, 'user': {'id': 361289499, 'id_str': '361289499', 'name': 'Bitcoin Magazine', 'screen_name': 'BitcoinMagazine', 'location': ""DM's open for submissions"", 'description': 'the most trusted voice in bitcoin - https://t.co/MopdxaIITE | the bitcoin conference: https://t.co/yyaMwgovcY | https://t.co/E1rETsd0Oa | https://t.co/vNgbV32HpO', 'url': 'https://t.co/tBgCU6XE5A', 'entities': {'url': {'urls': [{'url': 'https://t.co/tBgCU6XE5A', 'expanded_url': 'https://bitcoinmagazine.com', 'display_url': 'bitcoinmagazine.com', 'indices': [0, 23]}]}, 'description': {'urls': [{'url': 'https://t.co/MopdxaIITE', 'expanded_url': 'http://bitcoinmagazine.com/subscribe', 'display_url': 'bitcoinmagazine.com/subscribe', 'indices': [36, 59]}, {'url': 'https://t.co/yyaMwgovcY', 'expanded_url': 'http://b.tc/conference', 'display_url': 'b.tc/conference', 'indices': [86, 109]}, {'url': 'https://t.co/E1rETsd0Oa', 'expanded_url': 'http://t.me/officialbitcoinmagazine', 'display_url': 't.me/officialbitcoi‚Ä¶', 'indices': [112, 135]}, {'url': 'https://t.co/vNgbV32HpO', 'expanded_url': 'http://twitch.tv/bitcoin', 'display_url': 'twitch.tv/bitcoin', 'indices': [138, 161]}]}}, 'protected': False, 'followers_count': 1013053, 'friends_count': 476, 'listed_count': 8716, 'created_at': 'Wed Aug 24 15:14:54 +0000 2011', 'favourites_count': 13993, 'utc_offset': None, 'time_zone': None, 'geo_enabled': True, 'verified': True, 'statuses_count': 14294, 'lang': None, 'contributors_enabled': False, 'is_translator': False, 'is_translation_enabled': False, 'profile_background_color': '000000', 'profile_background_image_url': 'http://abs.twimg.com/images/themes/theme1/bg.png', 'profile_background_image_url_https': 'https://abs.twimg.com/images/themes/theme1/bg.png', 'profile_background_tile': False, 'profile_image_url': 'http://pbs.twimg.com/profile_images/1396292016443691016/CAQfaieB_normal.jpg', 'profile_image_url_https': 'https://pbs.twimg.com/profile_images/1396292016443691016/CAQfaieB_normal.jpg', 'profile_banner_url': 'https://pbs.twimg.com/profile_banners/361289499/1608063691', 'profile_link_color': 'FFA207', 'profile_sidebar_border_color': '000000', 'profile_sidebar_fill_color': '000000', 'profile_text_color': '000000', 'profile_use_background_image': False, 'has_extended_profile': False, 'default_profile': False, 'default_profile_image': False, 'following': False, 'follow_request_sent': False, 'notifications': False, 'translator_type': 'regular', 'withheld_in_countries': []}, 'geo': None, 'coordinates': None, 'place': None, 'contributors': None, 'is_quote_status': False, 'retweet_count': 279, 'favorite_count': 1612, 'favorited': False, 'retweeted': False, 'lang': 'en'}"
1396586094330744840,282096731,culkin22,"{'created_at': 'Sun May 23 21:57:26 +0000 2021', 'id': 1396586094330744840, 'id_str': '1396586094330744840', 'text': 'Appreciate @FoxBusiness covering my thoughts on why I choose #Bitcoin to store wealth.     https://t.co/Gu0ajr0qKJ #FoxBusiness', 'truncated': False, 'entities': {'hashtags': [{'text': 'Bitcoin', 'indices': [61, 69]}, {'text': 'FoxBusiness', 'indices': [115, 127]}], 'symbols': [], 'user_mentions': [{'screen_name': 'FoxBusiness', 'name': 'FOX Business', 'id': 56413858, 'id_str': '56413858', 'indices': [11, 23]}], 'urls': [{'url': 'https://t.co/Gu0ajr0qKJ', 'expanded_url': 'https://www.foxbusiness.com/sports/nfl-sean-culkin-bitcoin-pro-athletes-bank-on-cryptocurrency', 'display_url': 'foxbusiness.com/sports/nfl-sea‚Ä¶', 'indices': [91, 114]}]}, 'metadata': {'result_type': 'popular', 'iso_language_code': 'en'}, 'source': '<a href=""http://twitter.com/download/iphone"" rel=""nofollow"">Twitter for iPhone</a>', 'in_reply_to_status_id': None, 'in_reply_to_status_id_str': None, 'in_reply_to_user_id': None, 'in_reply_to_user_id_str': None, 'in_reply_to_screen_name': None, 'user': {'id': 282096731, 'id_str': '282096731', 'name': 'Sean Culkin', 'screen_name': 'culkin22', 'location': '', 'description': '@NFL Tight End | @Mizzou Alum - Finance | @kelleydirect MBA Candidate | #Bitcoin', 'url': 'https://t.co/vc7AKwGXpi', 'entities': {'url': {'urls': [{'url': 'https://t.co/vc7AKwGXpi', 'expanded_url': 'http://SeanCulkin.com', 'display_url': 'SeanCulkin.com', 'indices': [0, 23]}]}, 'description': {'urls': []}}, 'protected': False, 'followers_count': 18675, 'friends_count': 883, 'listed_count': 162, 'created_at': 'Thu Apr 14 14:55:58 +0000 2011', 'favourites_count': 1472, 'utc_offset': None, 'time_zone': None, 'geo_enabled': False, 'verified': True, 'statuses_count': 2267, 'lang': None, 'contributors_enabled': False, 'is_translator': False, 'is_translation_enabled': False, 'profile_background_color': 'C0DEED', 'profile_background_image_url': 'http://abs.twimg.com/images/themes/theme1/bg.png', 'profile_background_image_url_https': 'https://abs.twimg.com/images/themes/theme1/bg.png', 'profile_background_tile': True, 'profile_image_url': 'http://pbs.twimg.com/profile_images/1372635630174310402/SAbwYh-H_normal.jpg', 'profile_image_url_https': 'https://pbs.twimg.com/profile_images/1372635630174310402/SAbwYh-H_normal.jpg', 'profile_banner_url': 'https://pbs.twimg.com/profile_banners/282096731/1621622252', 'profile_link_color': '0084B4', 'profile_sidebar_border_color': 'C0DEED', 'profile_sidebar_fill_color': 'DDEEF6', 'profile_text_color': '333333', 'profile_use_background_image': True, 'has_extended_profile': False, 'default_profile': False, 'default_profile_image': False, 'following': False, 'follow_request_sent': False, 'notifications': False, 'translator_type': 'none', 'withheld_in_countries': []}, 'geo': None, 'coordinates': None, 'place': None, 'contributors': None, 'is_quote_status': False, 'retweet_count': 110, 'favorite_count': 957, 'favorited': False, 'retweeted': False, 'possibly_sensitive': False, 'lang': 'en'}"
1396681613560455171,1652541,Reuters,"{'created_at': 'Mon May 24 04:17:00 +0000 2021', 'id': 1396681613560455171, 'id_str': '1396681613560455171', 'text': 'Cryptocurrency mining operators, including Huobi Mall and https://t.co/0b182Qqljo, are suspending their China opera‚Ä¶ https://t.co/vNtSkIvEzC', 'truncated': True, 'entities': {'hashtags': [], 'symbols': [], 'user_mentions': [], 'urls': [{'url': 'https://t.co/0b182Qqljo', 'expanded_url': 'http://BTC.TOP', 'display_url': 'BTC.TOP', 'indices': [58, 81]}, {'url': 'https://t.co/vNtSkIvEzC', 'expanded_url': 'https://twitter.com/i/web/status/1396681613560455171', 'display_url': 'twitter.com/i/web/status/1‚Ä¶', 'indices': [117, 140]}]}, 'metadata': {'result_type': 'popular', 'iso_language_code': 'en'}, 'source': '<a href=""http://www.socialflow.com"" rel=""nofollow"">SocialFlow</a>', 'in_reply_to_status_id': None, 'in_reply_to_status_id_str': None, 'in_reply_to_user_id': None, 'in_reply_to_user_id_str': None, 'in_reply_to_screen_name': None, 'user': {'id': 1652541, 'id_str': '1652541', 'name': 'Reuters', 'screen_name': 'Reuters', 'location': 'Around the world', 'description': 'Top and breaking news, pictures and videos from Reuters. For more breaking business news, follow @ReutersBiz.', 'url': 'http://t.co/BmHxhkm3Mh', 'entities': {'url': {'urls': [{'url': 'http://t.co/BmHxhkm3Mh', 'expanded_url': 'http://www.reuters.com', 'display_url': 'reuters.com', 'indices': [0, 22]}]}, 'description': {'urls': []}}, 'protected': False, 'followers_count': 23453640, 'friends_count': 1163, 'listed_count': 127534, 'created_at': 'Tue Mar 20 17:46:05 +0000 2007', 'favourites_count': 755, 'utc_offset': None, 'time_zone': None, 'geo_enabled': False, 'verified': True, 'statuses_count': 697759, 'lang': None, 'contributors_enabled': False, 'is_translator': False, 'is_translation_enabled': True, 'profile_background_color': '444444', 'profile_background_image_url': 'http://abs.twimg.com/images/themes/theme1/bg.png', 'profile_background_image_url_https': 'https://abs.twimg.com/images/themes/theme1/bg.png', 'profile_background_tile': False, 'profile_image_url': 'http://pbs.twimg.com/profile_images/1194751949821939712/3VBu4_Sa_normal.jpg', 'profile_image_url_https': 'https://pbs.twimg.com/profile_images/1194751949821939712/3VBu4_Sa_normal.jpg', 'profile_banner_url': 'https://pbs.twimg.com/profile_banners/1652541/1573687397', 'profile_link_color': '006F97', 'profile_sidebar_border_color': '000000', 'profile_sidebar_fill_color': 'F5F5F5', 'profile_text_color': '000000', 'profile_use_background_image': True, 'has_extended_profile': False, 'default_profile': False, 'default_profile_image': False, 'following': False, 'follow_request_sent': False, 'notifications': False, 'translator_type': 'regular', 'withheld_in_countries': []}, 'geo': None, 'coordinates': None, 'place': None, 'contributors': None, 'is_quote_status': False, 'retweet_count': 111, 'favorite_count': 292, 'favorited': False, 'retweeted': False, 'possibly_sensitive': False, 'lang': 'en'}"
1397017552480522243,3367334171,BTCTN,"{'created_at': 'Tue May 25 02:31:54 +0000 2021', 'id': 1397017552480522243, 'id_str': '1397017552480522243', 'text': 'Institutional investors are largely treating bitcoin as a new asset class. ""It‚Äôs not often that we get to witness t‚Ä¶ https://t.co/Kw2Acxdzmb', 'truncated': True, 'entities': {'hashtags': [], 'symbols': [], 'user_mentions': [], 'urls': [{'url': 'https://t.co/Kw2Acxdzmb', 'expanded_url': 'https://twitter.com/i/web/status/1397017552480522243', 'display_url': 'twitter.com/i/web/status/1‚Ä¶', 'indices': [117, 140]}]}, 'metadata': {'result_type': 'popular', 'iso_language_code': 'en'}, 'source': '<a href=""https://zapier.com/"" rel=""nofollow"">Zapier.com</a>', 'in_reply_to_status_id': None, 'in_reply_to_status_id_str': None, 'in_reply_to_user_id': None, 'in_reply_to_user_id_str': None, 'in_reply_to_screen_name': None, 'user': {'id': 3367334171, 'id_str': '3367334171', 'name': 'Bitcoin News', 'screen_name': 'BTCTN', 'location': 'World Wide', 'description': 'Official Twitter account for https://t.co/Y3Sm6N0oR5. Follow us for all the latest Bitcoin news and services! Follow @bitcoincom for all https://t.co/5vSQA17h1m updates.', 'url': 'https://t.co/oZCuHV2ZwX', 'entities': {'url': {'urls': [{'url': 'https://t.co/oZCuHV2ZwX', 'expanded_url': 'http://www.Bitcoin.com', 'display_url': 'Bitcoin.com', 'indices': [0, 23]}]}, 'description': {'urls': [{'url': 'https://t.co/Y3Sm6N0oR5', 'expanded_url': 'http://news.bitcoin.com', 'display_url': 'news.bitcoin.com', 'indices': [29, 52]}, {'url': 'https://t.co/5vSQA17h1m', 'expanded_url': 'http://bitcoin.com', 'display_url': 'bitcoin.com', 'indices': [137, 160]}]}}, 'protected': False, 'followers_count': 1330115, 'friends_count': 927, 'listed_count': 7088, 'created_at': 'Thu Jul 09 08:58:22 +0000 2015', 'favourites_count': 10092, 'utc_offset': None, 'time_zone': None, 'geo_enabled': True, 'verified': True, 'statuses_count': 19490, 'lang': None, 'contributors_enabled': False, 'is_translator': False, 'is_translation_enabled': False, 'profile_background_color': '000000', 'profile_background_image_url': 'http://abs.twimg.com/images/themes/theme1/bg.png', 'profile_background_image_url_https': 'https://abs.twimg.com/images/themes/theme1/bg.png', 'profile_background_tile': False, 'profile_image_url': 'http://pbs.twimg.com/profile_images/1140965421908144128/_80iSgFS_normal.png', 'profile_image_url_https': 'https://pbs.twimg.com/profile_images/1140965421908144128/_80iSgFS_normal.png', 'profile_banner_url': 'https://pbs.twimg.com/profile_banners/3367334171/1560756921', 'profile_link_color': '0AC18E', 'profile_sidebar_border_color': '000000', 'profile_sidebar_fill_color': '000000', 'profile_text_color': '000000', 'profile_use_background_image': False, 'has_extended_profile': False, 'default_profile': False, 'default_profile_image': False, 'following': False, 'follow_request_sent': False, 'notifications': False, 'translator_type': 'none', 'withheld_in_countries': []}, 'geo': None, 'coordinates': None, 'place': None, 'contributors': None, 'is_quote_status': False, 'retweet_count': 108, 'favorite_count': 386, 'favorited': False, 'retweeted': False, 'possibly_sensitive': False, 'lang': 'en'}"
1396873712842985483,2260491445,CoinMarketCap,"{'created_at': 'Mon May 24 17:00:20 +0000 2021', 'id': 1396873712842985483, 'id_str': '1396873712842985483', 'text': 'Join in the Dogelon Mars #Airdrop!\n\n6 Days left to claim your free $ELON @DogelonMars\n\n#CoinMarketCap #Crypto‚Ä¶ https://t.co/RMvSRab1LU', 'truncated': True, 'entities': {'hashtags': [{'text': 'Airdrop', 'indices': [25, 33]}, {'text': 'CoinMarketCap', 'indices': [87, 101]}, {'text': 'Crypto', 'indices': [102, 109]}], 'symbols': [{'text': 'ELON', 'indices': [67, 72]}], 'user_mentions': [{'screen_name': 'DogelonMars', 'name': 'Dogelon', 'id': 1385305760159129601, 'id_str': '1385305760159129601', 'indices': [73, 85]}], 'urls': [{'url': 'https://t.co/RMvSRab1LU', 'expanded_url': 'https://twitter.com/i/web/status/1396873712842985483', 'display_url': 'twitter.com/i/web/status/1‚Ä¶', 'indices': [111, 134]}]}, 'metadata': {'result_type': 'popular', 'iso_language_code': 'en'}, 'source': '<a href=""https://sproutsocial.com"" rel=""nofollow"">Sprout Social</a>', 'in_reply_to_status_id': None, 'in_reply_to_status_id_str': None, 'in_reply_to_user_id': None, 'in_reply_to_user_id_str': None, 'in_reply_to_screen_name': None, 'user': {'id': 2260491445, 'id_str': '2260491445', 'name': 'CoinMarketCap', 'screen_name': 'CoinMarketCap', 'location': '', 'description': 'Showcasing the crypto revolution to 200M+ monthly visitors (SimilarWeb March 2021 data)! Learn about crypto here: https://t.co/fJ6p40KWxW', 'url': 'https://t.co/35ruJfCu98', 'entities': {'url': {'urls': [{'url': 'https://t.co/35ruJfCu98', 'expanded_url': 'https://coinmarketcap.com', 'display_url': 'coinmarketcap.com', 'indices': [0, 23]}]}, 'description': {'urls': [{'url': 'https://t.co/fJ6p40KWxW', 'expanded_url': 'http://coinmarketcap.com', 'display_url': 'coinmarketcap.com', 'indices': [114, 137]}]}}, 'protected': False, 'followers_count': 1813832, 'friends_count': 1919, 'listed_count': 8640, 'created_at': 'Tue Dec 24 16:50:12 +0000 2013', 'favourites_count': 4748, 'utc_offset': None, 'time_zone': None, 'geo_enabled': False, 'verified': True, 'statuses_count': 12973, 'lang': None, 'contributors_enabled': False, 'is_translator': False, 'is_translation_enabled': False, 'profile_background_color': 'C0DEED', 'profile_background_image_url': 'http://abs.twimg.com/images/themes/theme1/bg.png', 'profile_background_image_url_https': 'https://abs.twimg.com/images/themes/theme1/bg.png', 'profile_background_tile': False, 'profile_image_url': 'http://pbs.twimg.com/profile_images/1346096148604456960/KKA0ct5i_normal.jpg', 'profile_image_url_https': 'https://pbs.twimg.com/profile_images/1346096148604456960/KKA0ct5i_normal.jpg', 'profile_banner_url': 'https://pbs.twimg.com/profile_banners/2260491445/1609769326', 'profile_link_color': '1DA1F2', 'profile_sidebar_border_color': 'C0DEED', 'profile_sidebar_fill_color': 'DDEEF6', 'profile_text_color': '333333', 'profile_use_background_image': True, 'has_extended_profile': False, 'default_profile': True, 'default_profile_image': False, 'following': False, 'follow_request_sent': False, 'notifications': False, 'translator_type': 'none', 'withheld_in_countries': []}, 'geo': None, 'coordinates': None, 'place': None, 'contributors': None, 'is_quote_status': False, 'retweet_count': 221, 'favorite_count': 533, 'favorited': False, 'retweeted': False, 'possibly_sensitive': False, 'lang': 'en'}"
1396915180639031299,807095,nytimes,"{'created_at': 'Mon May 24 19:45:07 +0000 2021', 'id': 1396915180639031299, 'id_str': '1396915180639031299', 'text': 'The liquidation of long positions and news from China late Friday of a crackdown on Bitcoin mining and trading may‚Ä¶ https://t.co/yIJzXbY4re', 'truncated': True, 'entities': {'hashtags': [], 'symbols': [], 'user_mentions': [], 'urls': [{'url': 'https://t.co/yIJzXbY4re', 'expanded_url': 'https://twitter.com/i/web/status/1396915180639031299', 'display_url': 'twitter.com/i/web/status/1‚Ä¶', 'indices': [116, 139]}]}, 'metadata': {'result_type': 'popular', 'iso_language_code': 'en'}, 'source': '<a href=""http://www.socialflow.com"" rel=""nofollow"">SocialFlow</a>', 'in_reply_to_status_id': None, 'in_reply_to_status_id_str': None, 'in_reply_to_user_id': None, 'in_reply_to_user_id_str': None, 'in_reply_to_screen_name': None, 'user': {'id': 807095, 'id_str': '807095', 'name': 'The New York Times', 'screen_name': 'nytimes', 'location': 'New York City', 'description': 'News tips? Share them here: https://t.co/ghL9OoYKMM', 'url': 'http://t.co/ahvuWqicF9', 'entities': {'url': {'urls': [{'url': 'http://t.co/ahvuWqicF9', 'expanded_url': 'http://www.nytimes.com/', 'display_url': 'nytimes.com', 'indices': [0, 22]}]}, 'description': {'urls': [{'url': 'https://t.co/ghL9OoYKMM', 'expanded_url': 'http://nyti.ms/2FVHq9v', 'display_url': 'nyti.ms/2FVHq9v', 'indices': [28, 51]}]}}, 'protected': False, 'followers_count': 49883091, 'friends_count': 820, 'listed_count': 209353, 'created_at': 'Fri Mar 02 20:41:42 +0000 2007', 'favourites_count': 18516, 'utc_offset': None, 'time_zone': None, 'geo_enabled': False, 'verified': True, 'statuses_count': 433868, 'lang': None, 'contributors_enabled': False, 'is_translator': False, 'is_translation_enabled': True, 'profile_background_color': '131516', 'profile_background_image_url': 'http://abs.twimg.com/images/themes/theme14/bg.gif', 'profile_background_image_url_https': 'https://abs.twimg.com/images/themes/theme14/bg.gif', 'profile_background_tile': True, 'profile_image_url': 'http://pbs.twimg.com/profile_images/1098244578472280064/gjkVMelR_normal.png', 'profile_image_url_https': 'https://pbs.twimg.com/profile_images/1098244578472280064/gjkVMelR_normal.png', 'profile_banner_url': 'https://pbs.twimg.com/profile_banners/807095/1584666392', 'profile_link_color': '607696', 'profile_sidebar_border_color': 'FFFFFF', 'profile_sidebar_fill_color': 'EFEFEF', 'profile_text_color': '333333', 'profile_use_background_image': True, 'has_extended_profile': False, 'default_profile': False, 'default_profile_image': False, 'following': False, 'follow_request_sent': False, 'notifications': False, 'translator_type': 'none', 'withheld_in_countries': []}, 'geo': None, 'coordinates': None, 'place': None, 'contributors': None, 'is_quote_status': False, 'retweet_count': 59, 'favorite_count': 256, 'favorited': False, 'retweeted': False, 'possibly_sensitive': False, 'lang': 'en'}"
